,Unnamed: 0,entity,offset,0,1,2,3,4,5,6,7,8,9,10,11,12,13,14,15,16,17,18,19,20,21,22,23,total,log_total,min_5h_activity,min_5h_activity_sin,min_5h_activity_cos,min_5h_activity_%,lifespan_days,region,y_pred,America,Central_Asia,East_Asia_Pac,Euro_Africa
237,291,Entity 1240,7.0,0.0185185185185185,0.0185185185185185,0.0555555555555555,0.0185185185185185,0.037037037037037,0.1111111111111111,0.1481481481481481,0.0185185185185185,0.0185185185185185,0.0185185185185185,0.037037037037037,0.0185185185185185,0.0185185185185185,0.1111111111111111,0.1296296296296296,0.0555555555555555,0.037037037037037,0.0185185185185185,0.0185185185185185,0.0185185185185185,0.0185185185185185,0.0185185185185185,0.0185185185185185,0.0185185185185185,30,3.4011973816621555,19,-0.9659258262890684,0.2588190451025203,0.0925925925925925,119.42497685185184,East_Asia_Pac,East_Asia_Pac,0.11291263,0.2863197,0.5526608,0.048106845
1460,4026,Entity 5748,-5.0,0.0842105263157894,0.031578947368421,0.0526315789473684,0.0631578947368421,0.031578947368421,0.031578947368421,0.0210526315789473,0.0105263157894736,0.0421052631578947,0.0105263157894736,0.0105263157894736,0.0210526315789473,0.0526315789473684,0.0526315789473684,0.031578947368421,0.0210526315789473,0.0421052631578947,0.0631578947368421,0.0631578947368421,0.0947368421052631,0.0631578947368421,0.0526315789473684,0.0421052631578947,0.0105263157894736,71,4.262679877041316,8,0.8660254037844387,-0.4999999999999998,0.0947368421052631,1389.954525462963,America,America,0.73403394,0.06907685,0.053405095,0.1434841
336,432,Entity 1365,7.0,0.0222222222222222,0.0222222222222222,0.0666666666666666,0.0444444444444444,0.0222222222222222,0.0666666666666666,0.0888888888888888,0.0222222222222222,0.0444444444444444,0.0444444444444444,0.0444444444444444,0.0222222222222222,0.0444444444444444,0.0666666666666666,0.0222222222222222,0.1111111111111111,0.0222222222222222,0.0666666666666666,0.0222222222222222,0.0444444444444444,0.0222222222222222,0.0222222222222222,0.0222222222222222,0.0222222222222222,21,3.044522437723423,22,-0.5000000000000004,0.8660254037844384,0.1111111111111111,1000.1341203703704,East_Asia_Pac,Central_Asia,0.042795304,0.69003224,0.19631694,0.07085554
1919,4656,Entity 981,1.0,0.0149253731343283,0.0149253731343283,0.044776119402985,0.0149253731343283,0.0149253731343283,0.0149253731343283,0.044776119402985,0.0895522388059701,0.044776119402985,0.044776119402985,0.0149253731343283,0.044776119402985,0.0149253731343283,0.044776119402985,0.0597014925373134,0.0597014925373134,0.0597014925373134,0.0298507462686567,0.0597014925373134,0.0597014925373134,0.0746268656716417,0.0597014925373134,0.044776119402985,0.0298507462686567,43,3.7612001156935615,2,0.4999999999999999,0.8660254037844387,0.1044776119402985,2377.8786226851853,Euro_Africa,Euro_Africa,0.17269357,0.10789434,0.07040357,0.6490085
1104,3233,Entity 385,-5.0,0.1186440677966101,0.1016949152542373,0.0677966101694915,0.0338983050847457,0.0169491525423728,0.0338983050847457,0.0169491525423728,0.0169491525423728,0.0169491525423728,0.0169491525423728,0.0169491525423728,0.0169491525423728,0.0338983050847457,0.0338983050847457,0.0169491525423728,0.0338983050847457,0.0338983050847457,0.0338983050847457,0.0338983050847457,0.0677966101694915,0.0508474576271186,0.0847457627118644,0.0847457627118644,0.0169491525423728,35,3.555348061489413,8,0.8660254037844387,-0.4999999999999998,0.0847457627118644,2949.6501736111118,America,America,0.85927624,0.026166756,0.025346572,0.08921046
476,618,Entity 153,-3.0,0.0868055555555555,0.0729166666666666,0.0555555555555555,0.0381944444444444,0.0138888888888888,0.0138888888888888,0.0243055555555555,0.0486111111111111,0.0208333333333333,0.0173611111111111,0.0486111111111111,0.0034722222222222,0.0034722222222222,0.0034722222222222,0.0034722222222222,0.0486111111111111,0.0625,0.0590277777777777,0.0868055555555555,0.0520833333333333,0.0520833333333333,0.0590277777777777,0.0625,0.0625,264,5.575949103146316,12,1.2246467991473532e-16,-1.0,0.0624999999999999,160.22180555555556,America,America,0.80682534,0.025960363,0.048502322,0.11871203
1841,4537,Entity 9020,7.0,0.0384615384615384,0.0384615384615384,0.0256410256410256,0.0384615384615384,0.0128205128205128,0.0384615384615384,0.0512820512820512,0.0641025641025641,0.0769230769230769,0.0641025641025641,0.0384615384615384,0.0384615384615384,0.0641025641025641,0.1025641025641025,0.0641025641025641,0.0897435897435897,0.0256410256410256,0.0256410256410256,0.0384615384615384,0.0128205128205128,0.0128205128205128,0.0128205128205128,0.0128205128205128,0.0128205128205128,54,3.9889840465642745,21,-0.7071067811865477,0.7071067811865474,0.0641025641025641,569.9066435185185,East_Asia_Pac,East_Asia_Pac,0.07199666,0.2940386,0.5094626,0.12450218
1494,4077,Entity 606,0.0,0.0566037735849056,0.0377358490566037,0.0188679245283018,0.0188679245283018,0.0188679245283018,0.0188679245283018,0.0188679245283018,0.0188679245283018,0.0188679245283018,0.0377358490566037,0.0377358490566037,0.0377358490566037,0.0188679245283018,0.0754716981132075,0.0377358490566037,0.0754716981132075,0.0377358490566037,0.0754716981132075,0.0377358490566037,0.0566037735849056,0.1320754716981132,0.0566037735849056,0.0377358490566037,0.0188679245283018,29,3.367295829986474,4,0.8660254037844386,0.5000000000000001,0.0943396226415094,2236.088854166667,Euro_Africa,Euro_Africa,0.1529219,0.045402475,0.034116548,0.7675591
1918,4653,Entity 98,5.5,0.0057471264367816,0.0114942528735632,0.0603448275862069,0.0718390804597701,0.0603448275862069,0.0660919540229885,0.0316091954022988,0.0718390804597701,0.0804597701149425,0.043103448275862,0.0459770114942528,0.0488505747126436,0.0488505747126436,0.0517241379310344,0.043103448275862,0.057471264367816,0.0689655172413793,0.0545977011494252,0.043103448275862,0.0114942528735632,0.0086206896551724,0.0028735632183908,0.0057471264367816,0.0057471264367816,324,5.780743515792329,22,-0.5000000000000004,0.8660254037844384,0.028735632183908,3361.928726851852,Central_Asia,Central_Asia,0.035156332,0.6799863,0.23955742,0.04529995
820,1589,Entity 240,3.0,0.0238095238095238,0.0238095238095238,0.0476190476190476,0.0476190476190476,0.0238095238095238,0.0238095238095238,0.0238095238095238,0.0238095238095238,0.0476190476190476,0.0714285714285714,0.1428571428571428,0.0952380952380952,0.0476190476190476,0.0476190476190476,0.0238095238095238,0.0238095238095238,0.0238095238095238,0.0476190476190476,0.0238095238095238,0.0476190476190476,0.0238095238095238,0.0238095238095238,0.0238095238095238,0.0476190476190476,18,2.8903717578961645,5,0.9659258262890684,0.2588190451025207,0.1428571428571428,700.9593287037037,Euro_Africa,East_Asia_Pac,0.11136535,0.34796384,0.36530778,0.17536305
1449,4012,Entity 565,8.0,0.075268817204301,0.086021505376344,0.0967741935483871,0.086021505376344,0.021505376344086,0.043010752688172,0.032258064516129,0.021505376344086,0.043010752688172,0.032258064516129,0.043010752688172,0.053763440860215,0.053763440860215,0.075268817204301,0.032258064516129,0.064516129032258,0.021505376344086,0.021505376344086,0.010752688172043,0.021505376344086,0.010752688172043,0.010752688172043,0.010752688172043,0.032258064516129,69,4.23410650459726,20,-0.8660254037844386,0.5000000000000001,0.064516129032258,1055.3893287037038,East_Asia_Pac,East_Asia_Pac,0.09401206,0.10206678,0.6683477,0.1355734
1825,4517,Entity 889,-8.0,0.0526315789473684,0.0701754385964912,0.0175438596491228,0.0526315789473684,0.0350877192982456,0.1228070175438596,0.0350877192982456,0.0175438596491228,0.0175438596491228,0.0526315789473684,0.0526315789473684,0.0526315789473684,0.0701754385964912,0.0175438596491228,0.0175438596491228,0.0175438596491228,0.0175438596491228,0.0350877192982456,0.0175438596491228,0.0526315789473684,0.0175438596491228,0.0526315789473684,0.0701754385964912,0.0350877192982456,33,3.49650756146648,15,-0.7071067811865471,-0.7071067811865479,0.1052631578947368,421.9108796296296,America,America,0.33898675,0.06825911,0.3283652,0.26438892
519,689,Entity 1590,1.0,0.0512820512820512,0.0512820512820512,0.0256410256410256,0.0512820512820512,0.0512820512820512,0.0256410256410256,0.0256410256410256,0.0256410256410256,0.0256410256410256,0.0512820512820512,0.1282051282051282,0.0512820512820512,0.0256410256410256,0.0512820512820512,0.0256410256410256,0.0769230769230769,0.0256410256410256,0.0256410256410256,0.0512820512820512,0.0256410256410256,0.0256410256410256,0.0512820512820512,0.0256410256410256,0.0256410256410256,15,2.70805020110221,6,1.0,6.123233995736766e-17,0.1538461538461538,112.37039351851853,Euro_Africa,East_Asia_Pac,0.24507324,0.16119236,0.37949982,0.2142346
600,823,Entity 1708,-6.0,0.0491803278688524,0.0327868852459016,0.0327868852459016,0.0163934426229508,0.1311475409836065,0.0655737704918032,0.0163934426229508,0.0327868852459016,0.0327868852459016,0.0163934426229508,0.0163934426229508,0.0163934426229508,0.0327868852459016,0.0163934426229508,0.0327868852459016,0.0163934426229508,0.0327868852459016,0.0491803278688524,0.0655737704918032,0.0655737704918032,0.081967213114754,0.0655737704918032,0.0491803278688524,0.0327868852459016,37,3.610917912644224,11,0.258819045102521,-0.9659258262890682,0.0983606557377049,810.6342592592592,America,America,0.76897913,0.031109754,0.046698425,0.15321268
718,1119,Entity 1970,8.0,0.0145631067961165,0.0436893203883495,0.0339805825242718,0.058252427184466,0.0825242718446602,0.0388349514563106,0.0388349514563106,0.0485436893203883,0.0728155339805825,0.0776699029126213,0.0339805825242718,0.0436893203883495,0.0436893203883495,0.0533980582524271,0.0728155339805825,0.0776699029126213,0.0533980582524271,0.0631067961165048,0.0194174757281553,0.0097087378640776,0.0048543689320388,0.0048543689320388,0.0048543689320388,0.0048543689320388,182,5.204006687076795,21,-0.7071067811865477,0.7071067811865474,0.029126213592233,1704.197534722222,East_Asia_Pac,East_Asia_Pac,0.04237297,0.407349,0.50277853,0.047499534
664,960,Entity 1828,1.0,0.024390243902439,0.024390243902439,0.024390243902439,0.024390243902439,0.024390243902439,0.024390243902439,0.024390243902439,0.024390243902439,0.024390243902439,0.0975609756097561,0.024390243902439,0.024390243902439,0.024390243902439,0.048780487804878,0.048780487804878,0.0975609756097561,0.073170731707317,0.024390243902439,0.048780487804878,0.048780487804878,0.073170731707317,0.048780487804878,0.073170731707317,0.024390243902439,17,2.833213344056216,2,0.4999999999999999,0.8660254037844387,0.1219512195121951,2448.217974537037,Euro_Africa,Euro_Africa,0.1513719,0.0922778,0.042100295,0.71424997
193,234,Entity 119,5.5,0.0232558139534883,0.0406976744186046,0.0406976744186046,0.0581395348837209,0.0232558139534883,0.0174418604651162,0.0290697674418604,0.0290697674418604,0.0465116279069767,0.0465116279069767,0.0232558139534883,0.0290697674418604,0.0813953488372093,0.0523255813953488,0.0872093023255814,0.0406976744186046,0.0348837209302325,0.0697674418604651,0.0872093023255814,0.0697674418604651,0.0174418604651162,0.0232558139534883,0.0174418604651162,0.0116279069767441,148,4.997212273764115,22,-0.5000000000000004,0.8660254037844384,0.0930232558139534,836.4835069444445,Central_Asia,Central_Asia,0.09755559,0.5288656,0.20977919,0.16379966
593,803,Entity 1692,1.0,0.0555555555555555,0.037037037037037,0.0185185185185185,0.0185185185185185,0.037037037037037,0.037037037037037,0.0185185185185185,0.0185185185185185,0.0185185185185185,0.0185185185185185,0.037037037037037,0.0185185185185185,0.074074074074074,0.074074074074074,0.0185185185185185,0.0555555555555555,0.1111111111111111,0.037037037037037,0.0555555555555555,0.0555555555555555,0.0185185185185185,0.074074074074074,0.037037037037037,0.0555555555555555,30,3.4011973816621555,7,0.9659258262890684,-0.2588190451025206,0.1111111111111111,1576.7203587962963,Euro_Africa,America,0.62583345,0.037742734,0.07828866,0.2581352
1360,3885,Entity 48,0.0,0.0384615384615384,0.0192307692307692,0.0192307692307692,0.0192307692307692,0.0192307692307692,0.0192307692307692,0.0192307692307692,0.0192307692307692,0.0576923076923076,0.0192307692307692,0.0769230769230769,0.0576923076923076,0.0769230769230769,0.0576923076923076,0.0384615384615384,0.0769230769230769,0.0576923076923076,0.0576923076923076,0.0576923076923076,0.0961538461538461,0.0384615384615384,0.0192307692307692,0.0192307692307692,0.0192307692307692,28,3.332204510175204,3,0.7071067811865475,0.7071067811865476,0.0961538461538461,2823.8156365740742,Euro_Africa,Euro_Africa,0.15529157,0.24582864,0.0825168,0.51636297
260,322,Entity 1268,8.0,0.0273037542662116,0.0068259385665529,0.0409556313993174,0.0341296928327645,0.0375426621160409,0.098976109215017,0.0853242320819112,0.1399317406143344,0.0204778156996587,0.030716723549488,0.0273037542662116,0.0102389078498293,0.0136518771331058,0.0341296928327645,0.0443686006825938,0.0750853242320819,0.098976109215017,0.0580204778156996,0.0409556313993174,0.0204778156996587,0.0136518771331058,0.0034129692832764,0.0034129692832764,0.0341296928327645,269,5.594711379601839,21,-0.7071067811865477,0.7071067811865474,0.0750853242320819,372.9171759259259,East_Asia_Pac,East_Asia_Pac,0.19288357,0.31961843,0.373774,0.113724045
119,149,Entity 11126,7.0,0.0983606557377049,0.081967213114754,0.0491803278688524,0.0163934426229508,0.081967213114754,0.0327868852459016,0.0491803278688524,0.0163934426229508,0.0163934426229508,0.0163934426229508,0.0163934426229508,0.0163934426229508,0.081967213114754,0.0491803278688524,0.0983606557377049,0.0163934426229508,0.0491803278688524,0.0327868852459016,0.0163934426229508,0.0163934426229508,0.0163934426229508,0.0163934426229508,0.0163934426229508,0.0983606557377049,37,3.610917912644224,9,0.7071067811865476,-0.7071067811865475,0.0819672131147541,1449.925011574074,East_Asia_Pac,East_Asia_Pac,0.36554796,0.083799765,0.47235516,0.07829716
1848,4546,Entity 907,7.0,0.1333333333333333,0.0333333333333333,0.05,0.0166666666666666,0.0833333333333333,0.05,0.0333333333333333,0.0166666666666666,0.0333333333333333,0.05,0.05,0.0166666666666666,0.0166666666666666,0.1166666666666666,0.0666666666666666,0.05,0.0333333333333333,0.0333333333333333,0.0166666666666666,0.0333333333333333,0.0166666666666666,0.0166666666666666,0.0166666666666666,0.0166666666666666,36,3.58351893845611,20,-0.8660254037844386,0.5000000000000001,0.1,690.6014351851852,East_Asia_Pac,East_Asia_Pac,0.16139933,0.28246614,0.44486228,0.11127222
886,1864,Entity 263,2.0,0.0212765957446808,0.0212765957446808,0.0212765957446808,0.0212765957446808,0.0212765957446808,0.0212765957446808,0.0425531914893617,0.0212765957446808,0.0212765957446808,0.0638297872340425,0.0212765957446808,0.0425531914893617,0.0425531914893617,0.1276595744680851,0.0425531914893617,0.0212765957446808,0.0851063829787234,0.0425531914893617,0.1063829787234042,0.0425531914893617,0.0212765957446808,0.0425531914893617,0.0425531914893617,0.0425531914893617,23,3.1354942159291497,2,0.4999999999999999,0.8660254037844387,0.1063829787234042,2214.747071759259,Euro_Africa,Euro_Africa,0.11255292,0.06508358,0.081829906,0.74053365
651,930,Entity 1804,-8.0,0.0204081632653061,0.0612244897959183,0.0408163265306122,0.0408163265306122,0.0408163265306122,0.0408163265306122,0.0816326530612244,0.0204081632653061,0.0204081632653061,0.0408163265306122,0.0408163265306122,0.0204081632653061,0.0204081632653061,0.0204081632653061,0.0204081632653061,0.0612244897959183,0.0408163265306122,0.0816326530612244,0.0612244897959183,0.0408163265306122,0.0612244897959183,0.0408163265306122,0.0408163265306122,0.0408163265306122,25,3.218875824868201,12,1.2246467991473532e-16,-1.0,0.1224489795918367,3657.2562152777778,America,America,0.62339884,0.11322896,0.08557275,0.17779942
795,1476,Entity 2297,7.0,0.0188679245283018,0.0188679245283018,0.0377358490566037,0.0754716981132075,0.0566037735849056,0.0566037735849056,0.0377358490566037,0.0377358490566037,0.0188679245283018,0.0566037735849056,0.0943396226415094,0.0188679245283018,0.0377358490566037,0.1132075471698113,0.0377358490566037,0.0377358490566037,0.0566037735849056,0.0377358490566037,0.0566037735849056,0.0188679245283018,0.0188679245283018,0.0188679245283018,0.0188679245283018,0.0188679245283018,29,3.367295829986474,21,-0.7071067811865477,0.7071067811865474,0.0943396226415094,3479.476574074074,East_Asia_Pac,Central_Asia,0.047409657,0.60012096,0.2974176,0.05505175
1128,3405,Entity 402,-5.0,0.0384615384615384,0.0192307692307692,0.0192307692307692,0.0192307692307692,0.0769230769230769,0.0769230769230769,0.0769230769230769,0.0192307692307692,0.0192307692307692,0.0192307692307692,0.0192307692307692,0.0192307692307692,0.0192307692307692,0.0192307692307692,0.0192307692307692,0.0576923076923076,0.0576923076923076,0.1153846153846153,0.0769230769230769,0.0384615384615384,0.0576923076923076,0.0384615384615384,0.0576923076923076,0.0192307692307692,28,3.332204510175204,9,0.7071067811865476,-0.7071067811865475,0.0961538461538461,1645.5016203703703,America,America,0.76783603,0.07405989,0.029847065,0.12825705
236,290,Entity 124,5.5,0.002906976744186,0.002906976744186,0.0232558139534883,0.0959302325581395,0.0930232558139534,0.0784883720930232,0.0552325581395348,0.0813953488372093,0.0581395348837209,0.0348837209302325,0.0581395348837209,0.063953488372093,0.0755813953488372,0.0406976744186046,0.0319767441860465,0.0494186046511627,0.066860465116279,0.0523255813953488,0.0174418604651162,0.002906976744186,0.002906976744186,0.002906976744186,0.005813953488372,0.002906976744186,320,5.768320995793772,21,-0.7071067811865477,0.7071067811865474,0.0174418604651162,835.8169444444444,Central_Asia,Central_Asia,0.027954152,0.63920844,0.2897543,0.043083083
814,1567,Entity 2380,-8.0,0.0232558139534883,0.0465116279069767,0.0232558139534883,0.0232558139534883,0.0232558139534883,0.0232558139534883,0.0232558139534883,0.0232558139534883,0.0232558139534883,0.0232558139534883,0.0465116279069767,0.0232558139534883,0.0232558139534883,0.0232558139534883,0.0232558139534883,0.0465116279069767,0.0465116279069767,0.0697674418604651,0.0465116279069767,0.0465116279069767,0.1162790697674418,0.0697674418604651,0.1395348837209302,0.0232558139534883,19,2.9444389791664403,4,0.8660254037844386,0.5000000000000001,0.1162790697674418,1268.926238425926,America,Euro_Africa,0.24107821,0.056992784,0.03187183,0.6700572
1787,4463,Entity 858,5.5,0.0208333333333333,0.0208333333333333,0.0833333333333333,0.0833333333333333,0.0416666666666666,0.0625,0.0625,0.0625,0.0208333333333333,0.0208333333333333,0.0416666666666666,0.0416666666666666,0.0208333333333333,0.0833333333333333,0.0416666666666666,0.0208333333333333,0.0208333333333333,0.0208333333333333,0.0833333333333333,0.0416666666666666,0.0416666666666666,0.0208333333333333,0.0208333333333333,0.0208333333333333,24,3.1780538303479458,23,-0.2588190451025215,0.965925826289068,0.1041666666666666,111.31940972222222,Central_Asia,Central_Asia,0.09684282,0.64101577,0.17501219,0.087129265
855,1757,Entity 2537,-3.0,0.073170731707317,0.0975609756097561,0.048780487804878,0.073170731707317,0.024390243902439,0.024390243902439,0.024390243902439,0.024390243902439,0.024390243902439,0.024390243902439,0.024390243902439,0.048780487804878,0.073170731707317,0.024390243902439,0.024390243902439,0.024390243902439,0.024390243902439,0.048780487804878,0.073170731707317,0.024390243902439,0.024390243902439,0.048780487804878,0.073170731707317,0.024390243902439,17,2.833213344056216,6,1.0,6.123233995736766e-17,0.1219512195121951,216.2614583333333,America,America,0.38114724,0.1260535,0.252419,0.24038026
221,267,Entity 1219,1.0,0.0204081632653061,0.0204081632653061,0.0408163265306122,0.0204081632653061,0.0204081632653061,0.0204081632653061,0.0204081632653061,0.0408163265306122,0.0204081632653061,0.0204081632653061,0.0204081632653061,0.0408163265306122,0.0204081632653061,0.0408163265306122,0.0408163265306122,0.1428571428571428,0.0816326530612244,0.0408163265306122,0.0816326530612244,0.0612244897959183,0.0816326530612244,0.0204081632653061,0.0204081632653061,0.0612244897959183,25,3.218875824868201,8,0.8660254037844387,-0.4999999999999998,0.1224489795918367,716.2091203703703,Euro_Africa,Euro_Africa,0.27269188,0.20136175,0.11749742,0.408449
87,107,Entity 10802,7.0,0.029126213592233,0.0097087378640776,0.0194174757281553,0.0679611650485436,0.0970873786407767,0.0388349514563106,0.029126213592233,0.0388349514563106,0.0097087378640776,0.0485436893203883,0.058252427184466,0.0097087378640776,0.0097087378640776,0.0194174757281553,0.1067961165048543,0.029126213592233,0.029126213592233,0.029126213592233,0.0679611650485436,0.0970873786407767,0.087378640776699,0.0485436893203883,0.0097087378640776,0.0097087378640776,79,4.3694478524670215,0,0.0,1.0,0.0776699029126213,3405.231400462963,East_Asia_Pac,Euro_Africa,0.27338576,0.29474783,0.12964746,0.30221897
1532,4127,Entity 639,5.5,0.0212765957446808,0.0212765957446808,0.0212765957446808,0.0212765957446808,0.0851063829787234,0.0638297872340425,0.0425531914893617,0.0212765957446808,0.0425531914893617,0.0425531914893617,0.0212765957446808,0.0212765957446808,0.0425531914893617,0.0425531914893617,0.0212765957446808,0.1702127659574468,0.0212765957446808,0.0851063829787234,0.0425531914893617,0.0638297872340425,0.0212765957446808,0.0212765957446808,0.0212765957446808,0.0212765957446808,23,3.1354942159291497,22,-0.5000000000000004,0.8660254037844384,0.1063829787234042,104.44914351851853,Central_Asia,Central_Asia,0.062849365,0.63769007,0.20211934,0.09734124
1897,4623,Entity 958,5.5,0.0172413793103448,0.0344827586206896,0.0172413793103448,0.0344827586206896,0.0172413793103448,0.0517241379310344,0.0344827586206896,0.2068965517241379,0.1034482758620689,0.0344827586206896,0.0862068965517241,0.0344827586206896,0.0172413793103448,0.0517241379310344,0.0172413793103448,0.0172413793103448,0.0517241379310344,0.0689655172413793,0.0172413793103448,0.0172413793103448,0.0172413793103448,0.0172413793103448,0.0172413793103448,0.0172413793103448,34,3.5263605246161616,20,-0.8660254037844386,0.5000000000000001,0.0862068965517241,983.766261574074,Central_Asia,East_Asia_Pac,0.057116594,0.40824178,0.4105183,0.12412336
178,217,Entity 1172,-3.0,0.0232558139534883,0.0930232558139534,0.0465116279069767,0.0697674418604651,0.0465116279069767,0.0232558139534883,0.0232558139534883,0.0232558139534883,0.0232558139534883,0.0232558139534883,0.0232558139534883,0.0232558139534883,0.0232558139534883,0.0232558139534883,0.0465116279069767,0.0232558139534883,0.0697674418604651,0.0465116279069767,0.0930232558139534,0.0465116279069767,0.0465116279069767,0.0232558139534883,0.0465116279069767,0.0697674418604651,19,2.9444389791664403,7,0.9659258262890684,-0.2588190451025206,0.1162790697674418,2460.9267824074072,America,America,0.73833346,0.0785083,0.08280764,0.10035059
1713,4370,Entity 799,8.0,0.0133333333333333,0.0266666666666666,0.0533333333333333,0.1333333333333333,0.08,0.0266666666666666,0.0133333333333333,0.0533333333333333,0.0533333333333333,0.0266666666666666,0.0266666666666666,0.0666666666666666,0.04,0.08,0.0933333333333333,0.0933333333333333,0.0133333333333333,0.0133333333333333,0.0133333333333333,0.0133333333333333,0.0266666666666666,0.0133333333333333,0.0133333333333333,0.0133333333333333,51,3.9318256327243257,18,-1.0,-1.8369701987210294e-16,0.08,521.0099652777777,East_Asia_Pac,East_Asia_Pac,0.036824696,0.2603778,0.65351105,0.0492865
1145,3479,Entity 416,8.0,0.0984848484848484,0.053030303030303,0.0757575757575757,0.0833333333333333,0.0454545454545454,0.0833333333333333,0.0378787878787878,0.0606060606060606,0.0454545454545454,0.0303030303030303,0.0454545454545454,0.0303030303030303,0.0227272727272727,0.0454545454545454,0.0303030303030303,0.0227272727272727,0.0303030303030303,0.0303030303030303,0.0151515151515151,0.0151515151515151,0.0227272727272727,0.0227272727272727,0.0378787878787878,0.0151515151515151,108,4.68213122712422,19,-0.9659258262890684,0.2588190451025203,0.106060606060606,2618.1315740740743,East_Asia_Pac,East_Asia_Pac,0.21023563,0.11684378,0.6273962,0.045524377
1173,3515,Entity 4204,8.0,0.0227272727272727,0.0454545454545454,0.0454545454545454,0.0681818181818181,0.0454545454545454,0.0454545454545454,0.0227272727272727,0.1136363636363636,0.0227272727272727,0.0454545454545454,0.1818181818181818,0.0227272727272727,0.0227272727272727,0.0227272727272727,0.0454545454545454,0.0454545454545454,0.0227272727272727,0.0227272727272727,0.0227272727272727,0.0227272727272727,0.0227272727272727,0.0227272727272727,0.0227272727272727,0.0227272727272727,20,2.995732273553991,18,-1.0,-1.8369701987210294e-16,0.1136363636363636,71.95546296296297,East_Asia_Pac,East_Asia_Pac,0.079737715,0.23759556,0.6365335,0.046133228
1922,4660,Entity 982,0.0,0.0181818181818181,0.0181818181818181,0.0181818181818181,0.0181818181818181,0.0545454545454545,0.0181818181818181,0.0363636363636363,0.0181818181818181,0.109090909090909,0.0181818181818181,0.0181818181818181,0.0909090909090909,0.1454545454545454,0.0909090909090909,0.0181818181818181,0.0363636363636363,0.0727272727272727,0.0909090909090909,0.0181818181818181,0.0181818181818181,0.0181818181818181,0.0181818181818181,0.0181818181818181,0.0181818181818181,31,3.4339872044851463,20,-0.8660254037844386,0.5000000000000001,0.0909090909090909,340.2207175925926,Euro_Africa,Central_Asia,0.10032171,0.49556658,0.30439267,0.09971907
653,932,Entity 18052,7.0,0.0217391304347826,0.108695652173913,0.0434782608695652,0.0217391304347826,0.0652173913043478,0.0869565217391304,0.0217391304347826,0.0434782608695652,0.0217391304347826,0.0217391304347826,0.0434782608695652,0.0217391304347826,0.0434782608695652,0.0217391304347826,0.108695652173913,0.0434782608695652,0.0217391304347826,0.0434782608695652,0.0217391304347826,0.0217391304347826,0.0434782608695652,0.0217391304347826,0.0217391304347826,0.0652173913043478,22,3.091042453358316,20,-0.8660254037844386,0.5000000000000001,0.1304347826086956,688.9365046296297,East_Asia_Pac,America,0.30438694,0.2565106,0.28409812,0.15500432
332,427,Entity 1361,2.0,0.02,0.02,0.02,0.02,0.02,0.02,0.02,0.02,0.06,0.02,0.02,0.02,0.02,0.08,0.1,0.06,0.06,0.04,0.1,0.02,0.1,0.06,0.06,0.02,26,3.258096538021482,2,0.4999999999999999,0.8660254037844387,0.1,136.49181712962962,Euro_Africa,Euro_Africa,0.3342955,0.10374324,0.09021354,0.4717477
1788,4464,Entity 859,5.5,0.0125,0.0625,0.0125,0.025,0.0125,0.025,0.05,0.05,0.025,0.025,0.025,0.0375,0.0375,0.025,0.0625,0.05,0.05,0.075,0.0625,0.0375,0.0625,0.0875,0.0375,0.05,56,4.02535169073515,2,0.4999999999999999,0.8660254037844387,0.125,1777.4957175925929,Central_Asia,Euro_Africa,0.16092008,0.06057969,0.045693845,0.7328063
1592,4205,Entity 695,10.5,0.0266666666666666,0.04,0.0133333333333333,0.0266666666666666,0.08,0.08,0.0666666666666666,0.08,0.04,0.04,0.0533333333333333,0.1733333333333333,0.04,0.0133333333333333,0.04,0.0133333333333333,0.0266666666666666,0.0133333333333333,0.04,0.0266666666666666,0.0266666666666666,0.0133333333333333,0.0133333333333333,0.0133333333333333,51,3.9318256327243257,21,-0.7071067811865477,0.7071067811865474,0.0933333333333333,1854.4059375,East_Asia_Pac,Central_Asia,0.089236476,0.42743585,0.26547015,0.21785752
416,536,Entity 1457,5.5,0.0208333333333333,0.0208333333333333,0.1458333333333333,0.0625,0.0625,0.0208333333333333,0.0416666666666666,0.0416666666666666,0.0208333333333333,0.1458333333333333,0.0416666666666666,0.0416666666666666,0.0208333333333333,0.0208333333333333,0.0208333333333333,0.0416666666666666,0.0208333333333333,0.0416666666666666,0.0208333333333333,0.0625,0.0208333333333333,0.0208333333333333,0.0208333333333333,0.0208333333333333,24,3.1780538303479458,22,-0.5000000000000004,0.8660254037844384,0.1041666666666666,127.25474537037036,Central_Asia,Central_Asia,0.056105707,0.547507,0.34649298,0.04989431
1439,3996,Entity 556,6.0,0.0526315789473684,0.0350877192982456,0.0526315789473684,0.0350877192982456,0.0175438596491228,0.0175438596491228,0.0350877192982456,0.0175438596491228,0.0526315789473684,0.0701754385964912,0.0526315789473684,0.0350877192982456,0.0526315789473684,0.0175438596491228,0.0350877192982456,0.0526315789473684,0.0526315789473684,0.1052631578947368,0.0701754385964912,0.0526315789473684,0.0175438596491228,0.0350877192982456,0.0175438596491228,0.0175438596491228,33,3.49650756146648,5,0.9659258262890684,0.2588190451025207,0.1228070175438596,84.10373842592593,Central_Asia,Euro_Africa,0.21380989,0.207791,0.28773305,0.29066607
379,489,Entity 1417,5.5,0.0217391304347826,0.0217391304347826,0.0434782608695652,0.0434782608695652,0.0434782608695652,0.0217391304347826,0.0434782608695652,0.0652173913043478,0.0869565217391304,0.0217391304347826,0.0434782608695652,0.0434782608695652,0.1739130434782608,0.0434782608695652,0.0217391304347826,0.0217391304347826,0.0652173913043478,0.0434782608695652,0.0217391304347826,0.0217391304347826,0.0217391304347826,0.0217391304347826,0.0217391304347826,0.0217391304347826,22,3.091042453358316,20,-0.8660254037844386,0.5000000000000001,0.108695652173913,89.11008101851851,Central_Asia,Central_Asia,0.034057513,0.6342823,0.28545293,0.046207264
1627,4254,Entity 726,1.0,0.0263157894736842,0.0131578947368421,0.0131578947368421,0.0263157894736842,0.0263157894736842,0.0131578947368421,0.0263157894736842,0.0394736842105263,0.0263157894736842,0.0394736842105263,0.0921052631578947,0.0394736842105263,0.0131578947368421,0.0789473684210526,0.0526315789473684,0.0657894736842105,0.0526315789473684,0.0657894736842105,0.0394736842105263,0.0526315789473684,0.0394736842105263,0.0394736842105263,0.0789473684210526,0.0394736842105263,52,3.951243718581428,3,0.7071067811865475,0.7071067811865476,0.0921052631578947,1198.205636574074,Euro_Africa,Euro_Africa,0.09487011,0.051990125,0.038697902,0.81444186
1134,3440,Entity 4055,1.0,0.0481927710843373,0.0120481927710843,0.0240963855421686,0.036144578313253,0.0120481927710843,0.0120481927710843,0.0120481927710843,0.0240963855421686,0.0120481927710843,0.0240963855421686,0.0481927710843373,0.0602409638554216,0.0240963855421686,0.0481927710843373,0.036144578313253,0.0963855421686747,0.0843373493975903,0.0602409638554216,0.0120481927710843,0.0240963855421686,0.0602409638554216,0.0481927710843373,0.0963855421686747,0.0843373493975903,59,4.07753744390572,6,1.0,6.123233995736766e-17,0.072289156626506,1233.7784143518518,Euro_Africa,Euro_Africa,0.22027355,0.07101081,0.11120608,0.59750956
96,117,Entity 109,1.0,0.0212765957446808,0.0212765957446808,0.0212765957446808,0.0212765957446808,0.0212765957446808,0.0212765957446808,0.0212765957446808,0.0212765957446808,0.0425531914893617,0.1063829787234042,0.0212765957446808,0.0851063829787234,0.0425531914893617,0.0638297872340425,0.0638297872340425,0.0212765957446808,0.0212765957446808,0.1063829787234042,0.0425531914893617,0.0425531914893617,0.0425531914893617,0.0212765957446808,0.0851063829787234,0.0212765957446808,23,3.1354942159291497,2,0.4999999999999999,0.8660254037844387,0.1063829787234042,950.5263888888888,Euro_Africa,Euro_Africa,0.08135484,0.2537939,0.07157012,0.5932812
477,619,Entity 1530,8.0,0.0434782608695652,0.0217391304347826,0.0652173913043478,0.0217391304347826,0.0434782608695652,0.0217391304347826,0.0217391304347826,0.0217391304347826,0.0434782608695652,0.1956521739130435,0.0217391304347826,0.0434782608695652,0.0217391304347826,0.0217391304347826,0.0434782608695652,0.0217391304347826,0.0217391304347826,0.0217391304347826,0.0217391304347826,0.0217391304347826,0.0217391304347826,0.0217391304347826,0.0869565217391304,0.108695652173913,22,3.091042453358316,17,-0.9659258262890684,-0.2588190451025206,0.108695652173913,75.39146990740741,East_Asia_Pac,East_Asia_Pac,0.21012878,0.09723329,0.54785424,0.14478368
280,356,Entity 12985,-5.0,0.0481927710843373,0.0843373493975903,0.0120481927710843,0.0963855421686747,0.072289156626506,0.036144578313253,0.0240963855421686,0.0481927710843373,0.0481927710843373,0.072289156626506,0.0602409638554216,0.0481927710843373,0.0120481927710843,0.036144578313253,0.0240963855421686,0.0481927710843373,0.0602409638554216,0.0843373493975903,0.0120481927710843,0.0120481927710843,0.0120481927710843,0.0120481927710843,0.0120481927710843,0.0240963855421686,59,4.07753744390572,20,-0.8660254037844386,0.5000000000000001,0.0602409638554216,104.79358796296296,America,East_Asia_Pac,0.080091126,0.23416027,0.6286879,0.057060666
739,1217,Entity 2060,1.0,0.05,0.025,0.025,0.025,0.025,0.025,0.025,0.075,0.05,0.025,0.075,0.025,0.075,0.05,0.05,0.05,0.025,0.05,0.025,0.025,0.05,0.025,0.05,0.075,16,2.772588722239781,3,0.7071067811865475,0.7071067811865476,0.125,312.46202546296297,Euro_Africa,Euro_Africa,0.1883038,0.11221161,0.17195058,0.527534
125,155,Entity 1119,7.0,0.0204081632653061,0.0612244897959183,0.0612244897959183,0.0612244897959183,0.0204081632653061,0.0408163265306122,0.0408163265306122,0.1020408163265306,0.0612244897959183,0.0408163265306122,0.0204081632653061,0.0408163265306122,0.0408163265306122,0.0408163265306122,0.0612244897959183,0.0408163265306122,0.0612244897959183,0.0408163265306122,0.0204081632653061,0.0204081632653061,0.0204081632653061,0.0204081632653061,0.0408163265306122,0.0204081632653061,25,3.218875824868201,19,-0.9659258262890684,0.2588190451025203,0.1224489795918367,102.28935185185183,East_Asia_Pac,East_Asia_Pac,0.09183865,0.21426019,0.6152066,0.0786946
253,312,Entity 1257,5.5,0.0196078431372549,0.0196078431372549,0.0196078431372549,0.0392156862745098,0.0392156862745098,0.0196078431372549,0.0588235294117647,0.0588235294117647,0.0196078431372549,0.0392156862745098,0.0392156862745098,0.0392156862745098,0.0196078431372549,0.1176470588235294,0.0588235294117647,0.0196078431372549,0.0588235294117647,0.0392156862745098,0.0980392156862745,0.0784313725490196,0.0392156862745098,0.0196078431372549,0.0196078431372549,0.0196078431372549,27,3.295836866004329,23,-0.2588190451025215,0.965925826289068,0.0980392156862745,914.2887847222222,Central_Asia,Central_Asia,0.061184462,0.6548302,0.103593454,0.18039185
1804,4491,Entity 8742,7.0,0.0754716981132075,0.0188679245283018,0.0188679245283018,0.0377358490566037,0.0188679245283018,0.0377358490566037,0.0188679245283018,0.0566037735849056,0.0188679245283018,0.0377358490566037,0.0377358490566037,0.0377358490566037,0.0188679245283018,0.0377358490566037,0.1320754716981132,0.0943396226415094,0.0566037735849056,0.0188679245283018,0.0377358490566037,0.0377358490566037,0.0188679245283018,0.0188679245283018,0.0566037735849056,0.0566037735849056,29,3.367295829986474,3,0.7071067811865475,0.7071067811865476,0.1320754716981132,560.0631481481481,East_Asia_Pac,Euro_Africa,0.2837027,0.15514359,0.26702955,0.29412416
1150,3485,Entity 4177,8.0,0.056338028169014,0.0140845070422535,0.0422535211267605,0.0140845070422535,0.0140845070422535,0.0704225352112676,0.0140845070422535,0.0422535211267605,0.028169014084507,0.0422535211267605,0.0140845070422535,0.0985915492957746,0.1830985915492957,0.0845070422535211,0.028169014084507,0.0704225352112676,0.0422535211267605,0.028169014084507,0.0140845070422535,0.0140845070422535,0.0140845070422535,0.0140845070422535,0.0140845070422535,0.0422535211267605,47,3.8501476017100575,20,-0.8660254037844386,0.5000000000000001,0.0704225352112676,538.1529166666667,East_Asia_Pac,East_Asia_Pac,0.085570745,0.14501446,0.62604105,0.14337379
925,2102,Entity 28254,-5.0,0.0222222222222222,0.0666666666666666,0.0222222222222222,0.1111111111111111,0.1111111111111111,0.0444444444444444,0.0222222222222222,0.0222222222222222,0.0222222222222222,0.0222222222222222,0.0444444444444444,0.0222222222222222,0.0222222222222222,0.0444444444444444,0.0444444444444444,0.0222222222222222,0.0888888888888888,0.0444444444444444,0.0222222222222222,0.0222222222222222,0.0222222222222222,0.0444444444444444,0.0444444444444444,0.0444444444444444,21,3.044522437723423,7,0.9659258262890684,-0.2588190451025206,0.1333333333333333,2885.366296296296,America,America,0.44810864,0.09396564,0.29340643,0.16451934
670,975,Entity 1842,5.5,0.0256410256410256,0.0256410256410256,0.0256410256410256,0.0769230769230769,0.0256410256410256,0.0256410256410256,0.0256410256410256,0.0512820512820512,0.0512820512820512,0.0769230769230769,0.0256410256410256,0.0512820512820512,0.0256410256410256,0.0512820512820512,0.1282051282051282,0.0256410256410256,0.0256410256410256,0.1025641025641025,0.0256410256410256,0.0256410256410256,0.0256410256410256,0.0256410256410256,0.0256410256410256,0.0256410256410256,15,2.70805020110221,20,-0.8660254037844386,0.5000000000000001,0.1282051282051282,693.9338194444445,Central_Asia,Central_Asia,0.11732675,0.42903188,0.31198984,0.14165157
1180,3526,Entity 4215,5.0,0.048780487804878,0.048780487804878,0.024390243902439,0.024390243902439,0.024390243902439,0.024390243902439,0.048780487804878,0.048780487804878,0.024390243902439,0.048780487804878,0.073170731707317,0.048780487804878,0.024390243902439,0.048780487804878,0.024390243902439,0.048780487804878,0.024390243902439,0.048780487804878,0.024390243902439,0.024390243902439,0.048780487804878,0.1219512195121951,0.024390243902439,0.048780487804878,17,2.833213344056216,3,0.7071067811865475,0.7071067811865476,0.1463414634146341,514.8586689814815,Central_Asia,Euro_Africa,0.23110577,0.07141435,0.089395024,0.60808486
173,212,Entity 1168,5.5,0.0204081632653061,0.0204081632653061,0.0204081632653061,0.0408163265306122,0.0204081632653061,0.0408163265306122,0.1020408163265306,0.0204081632653061,0.0816326530612244,0.0408163265306122,0.0204081632653061,0.0408163265306122,0.1020408163265306,0.0612244897959183,0.0204081632653061,0.1020408163265306,0.0408163265306122,0.0612244897959183,0.0204081632653061,0.0408163265306122,0.0204081632653061,0.0204081632653061,0.0204081632653061,0.0204081632653061,25,3.218875824868201,22,-0.5000000000000004,0.8660254037844384,0.1020408163265306,3004.231805555556,Central_Asia,Central_Asia,0.053358223,0.6636985,0.1861642,0.09677907
557,753,Entity 1647,8.0,0.05,0.05,0.025,0.025,0.025,0.025,0.05,0.025,0.025,0.025,0.025,0.025,0.025,0.025,0.075,0.05,0.075,0.1,0.075,0.075,0.025,0.025,0.025,0.05,16,2.772588722239781,9,0.7071067811865476,-0.7071067811865475,0.125,506.6018287037037,East_Asia_Pac,America,0.3954436,0.1261846,0.15548272,0.32288906
1731,4392,Entity 8114,7.0,0.0359820089955022,0.0449775112443778,0.032983508245877,0.0299850074962518,0.0359820089955022,0.0524737631184407,0.0449775112443778,0.0509745127436281,0.0614692653673163,0.0659670164917541,0.0434782608695652,0.0434782608695652,0.047976011994003,0.0419790104947526,0.0434782608695652,0.032983508245877,0.0299850074962518,0.032983508245877,0.0284857571214392,0.0389805097451274,0.0314842578710644,0.0449775112443778,0.0419790104947526,0.0419790104947526,643,6.466144724237619,18,-1.0,-1.8369701987210294e-16,0.1619190404797601,1310.7588541666669,East_Asia_Pac,America,0.3733847,0.124604486,0.21925269,0.28275812
436,565,Entity 1482,8.0,0.024390243902439,0.048780487804878,0.024390243902439,0.024390243902439,0.024390243902439,0.048780487804878,0.024390243902439,0.024390243902439,0.0975609756097561,0.073170731707317,0.1219512195121951,0.048780487804878,0.048780487804878,0.073170731707317,0.024390243902439,0.048780487804878,0.048780487804878,0.024390243902439,0.024390243902439,0.024390243902439,0.024390243902439,0.024390243902439,0.024390243902439,0.024390243902439,17,2.833213344056216,19,-0.9659258262890684,0.2588190451025203,0.1219512195121951,245.03131944444445,East_Asia_Pac,East_Asia_Pac,0.07241604,0.29647943,0.463847,0.16725758
85,105,Entity 108,0.0,0.0053050397877984,0.0119363395225464,0.0053050397877984,0.0039787798408488,0.0238726790450928,0.0450928381962864,0.0928381962864721,0.0636604774535809,0.0477453580901856,0.0477453580901856,0.053050397877984,0.0424403183023872,0.0411140583554376,0.0424403183023872,0.0517241379310344,0.0490716180371352,0.0437665782493368,0.0490716180371352,0.0649867374005305,0.0835543766578249,0.0676392572944297,0.0358090185676392,0.0251989389920424,0.0026525198938992,730,6.593044534142437,1,0.2588190451025207,0.9659258262890684,0.0291777188328912,3497.111238425926,Euro_Africa,Euro_Africa,0.04438688,0.21210629,0.046861112,0.69664574
524,697,Entity 1597,-5.0,0.0848329048843187,0.1850899742930591,0.1568123393316195,0.0539845758354755,0.0282776349614395,0.0282776349614395,0.0102827763496143,0.0128534704370179,0.0205655526992287,0.0128534704370179,0.0205655526992287,0.0231362467866323,0.0282776349614395,0.0231362467866323,0.0257069408740359,0.0179948586118251,0.0308483290488431,0.0257069408740359,0.0359897172236503,0.0334190231362467,0.0411311053984575,0.0437017994858611,0.0308483290488431,0.0257069408740359,365,5.899897353582492,8,0.8660254037844387,-0.4999999999999998,0.0771208226221079,4564.5820370370375,America,America,0.83534294,0.04119387,0.041344054,0.082119144
311,398,Entity 1335,5.5,0.0204081632653061,0.0204081632653061,0.0204081632653061,0.0408163265306122,0.0204081632653061,0.0612244897959183,0.0204081632653061,0.0204081632653061,0.0204081632653061,0.1224489795918367,0.0204081632653061,0.1428571428571428,0.0408163265306122,0.0204081632653061,0.0816326530612244,0.1020408163265306,0.0408163265306122,0.0408163265306122,0.0204081632653061,0.0408163265306122,0.0204081632653061,0.0204081632653061,0.0204081632653061,0.0204081632653061,25,3.218875824868201,22,-0.5000000000000004,0.8660254037844384,0.1020408163265306,18.28739583333333,Central_Asia,Central_Asia,0.0668352,0.51260364,0.30973765,0.110823505
263,326,Entity 1271,8.0,0.0545454545454545,0.109090909090909,0.0909090909090909,0.0363636363636363,0.0909090909090909,0.0363636363636363,0.0545454545454545,0.0363636363636363,0.0545454545454545,0.0181818181818181,0.0545454545454545,0.0181818181818181,0.0181818181818181,0.0363636363636363,0.0181818181818181,0.0727272727272727,0.0181818181818181,0.0181818181818181,0.0181818181818181,0.0181818181818181,0.0363636363636363,0.0181818181818181,0.0181818181818181,0.0545454545454545,31,3.4339872044851463,18,-1.0,-1.8369701987210294e-16,0.109090909090909,57.64831018518519,East_Asia_Pac,East_Asia_Pac,0.3595036,0.07382381,0.5183725,0.048300087
256,315,Entity 126,5.5,0.003831417624521,0.0114942528735632,0.0268199233716475,0.0306513409961685,0.0996168582375478,0.0459770114942528,0.0919540229885057,0.0306513409961685,0.0344827586206896,0.0842911877394636,0.0766283524904214,0.0689655172413793,0.0344827586206896,0.0383141762452107,0.1111111111111111,0.0766283524904214,0.0344827586206896,0.0344827586206896,0.0459770114942528,0.003831417624521,0.003831417624521,0.003831417624521,0.003831417624521,0.003831417624521,237,5.468060141135132,21,-0.7071067811865477,0.7071067811865474,0.0191570881226053,159.26439814814816,Central_Asia,Central_Asia,0.031663854,0.6384319,0.2884668,0.041437414
548,735,Entity 1630,8.0,0.119047619047619,0.0238095238095238,0.0238095238095238,0.0238095238095238,0.0238095238095238,0.0238095238095238,0.1428571428571428,0.0238095238095238,0.0238095238095238,0.0238095238095238,0.0714285714285714,0.0238095238095238,0.0238095238095238,0.0952380952380952,0.0238095238095238,0.0714285714285714,0.0476190476190476,0.0238095238095238,0.0238095238095238,0.0238095238095238,0.0238095238095238,0.0238095238095238,0.0238095238095238,0.0476190476190476,18,2.8903717578961645,3,0.7071067811865475,0.7071067811865476,0.119047619047619,118.36651620370372,East_Asia_Pac,East_Asia_Pac,0.14495721,0.12573162,0.50327206,0.2260391
1371,3899,Entity 49,7.0,0.0424403183023872,0.0450928381962864,0.0517241379310344,0.0424403183023872,0.0225464190981432,0.059681697612732,0.0371352785145888,0.046419098143236,0.059681697612732,0.0583554376657824,0.0636604774535809,0.0689655172413793,0.0358090185676392,0.0437665782493368,0.039787798408488,0.0477453580901856,0.0782493368700265,0.0291777188328912,0.0517241379310344,0.0225464190981432,0.013262599469496,0.0079575596816976,0.013262599469496,0.0185676392572944,730,6.593044534142437,21,-0.7071067811865477,0.7071067811865474,0.0755968169761273,1981.584791666667,East_Asia_Pac,East_Asia_Pac,0.10902582,0.34058693,0.3694806,0.1809066
1653,4288,Entity 7486,7.0,0.08,0.02,0.02,0.02,0.04,0.02,0.02,0.02,0.08,0.02,0.02,0.06,0.02,0.04,0.04,0.06,0.08,0.02,0.06,0.02,0.06,0.04,0.06,0.08,26,3.258096538021482,4,0.8660254037844386,0.5000000000000001,0.12,345.3610648148148,East_Asia_Pac,America,0.49621877,0.04480751,0.09463366,0.36434013
1759,4428,Entity 833,5.5,0.0526315789473684,0.0131578947368421,0.0263157894736842,0.0131578947368421,0.0263157894736842,0.0263157894736842,0.0263157894736842,0.0789473684210526,0.1710526315789473,0.0657894736842105,0.0394736842105263,0.1052631578947368,0.0131578947368421,0.0263157894736842,0.0131578947368421,0.0131578947368421,0.0131578947368421,0.1184210526315789,0.0657894736842105,0.0263157894736842,0.0131578947368421,0.0131578947368421,0.0263157894736842,0.0131578947368421,52,3.951243718581428,14,-0.4999999999999997,-0.8660254037844388,0.0789473684210526,3184.460347222222,Central_Asia,Euro_Africa,0.08623434,0.33836302,0.11967039,0.45573232
824,1613,Entity 2425,1.0,0.0120481927710843,0.0160642570281124,0.0040160642570281,0.0040160642570281,0.0040160642570281,0.0040160642570281,0.0160642570281124,0.0160642570281124,0.0803212851405622,0.1124497991967871,0.1164658634538152,0.072289156626506,0.0602409638554216,0.0763052208835341,0.0441767068273092,0.072289156626506,0.036144578313253,0.0200803212851405,0.0481927710843373,0.0200803212851405,0.0602409638554216,0.0160642570281124,0.0401606425702811,0.0481927710843373,225,5.41610040220442,3,0.7071067811865475,0.7071067811865476,0.0321285140562249,1589.8821759259258,Euro_Africa,Euro_Africa,0.053019684,0.08837586,0.10151386,0.7570906
1117,3333,Entity 3951,0.0,0.054054054054054,0.0135135135135135,0.0135135135135135,0.027027027027027,0.0135135135135135,0.027027027027027,0.0405405405405405,0.0135135135135135,0.0135135135135135,0.0135135135135135,0.027027027027027,0.027027027027027,0.054054054054054,0.027027027027027,0.0135135135135135,0.2432432432432432,0.0405405405405405,0.0675675675675675,0.0405405405405405,0.0135135135135135,0.0945945945945946,0.0405405405405405,0.0405405405405405,0.0405405405405405,50,3.912023005428146,3,0.7071067811865475,0.7071067811865476,0.0945945945945946,344.0698611111111,Euro_Africa,Euro_Africa,0.4000702,0.043929048,0.06946405,0.4865367
116,146,Entity 1110,5.5,0.0172413793103448,0.0172413793103448,0.0172413793103448,0.0172413793103448,0.0172413793103448,0.0172413793103448,0.0689655172413793,0.2241379310344827,0.1034482758620689,0.0172413793103448,0.0172413793103448,0.0172413793103448,0.1206896551724138,0.0344827586206896,0.0689655172413793,0.0689655172413793,0.0172413793103448,0.0172413793103448,0.0172413793103448,0.0172413793103448,0.0344827586206896,0.0172413793103448,0.0172413793103448,0.0172413793103448,34,3.5263605246161616,2,0.4999999999999999,0.8660254037844387,0.0862068965517241,70.06783564814815,Central_Asia,Central_Asia,0.08199666,0.40830573,0.30820614,0.20149142
45,56,Entity 1039,0.0,0.0175438596491228,0.0350877192982456,0.0175438596491228,0.0175438596491228,0.0175438596491228,0.0175438596491228,0.0175438596491228,0.0175438596491228,0.0175438596491228,0.0526315789473684,0.0350877192982456,0.0350877192982456,0.0350877192982456,0.0350877192982456,0.1228070175438596,0.0350877192982456,0.1052631578947368,0.0701754385964912,0.0526315789473684,0.0526315789473684,0.0526315789473684,0.087719298245614,0.0175438596491228,0.0350877192982456,33,3.49650756146648,4,0.8660254037844386,0.5000000000000001,0.087719298245614,363.1292013888889,Euro_Africa,Euro_Africa,0.067854635,0.05415699,0.05119174,0.8267966
52,65,Entity 1045,5.5,0.0178571428571428,0.0357142857142857,0.0357142857142857,0.0535714285714285,0.0714285714285714,0.125,0.0357142857142857,0.0892857142857142,0.0714285714285714,0.0714285714285714,0.0178571428571428,0.0178571428571428,0.0178571428571428,0.1071428571428571,0.0178571428571428,0.0535714285714285,0.0178571428571428,0.0178571428571428,0.0357142857142857,0.0178571428571428,0.0178571428571428,0.0178571428571428,0.0178571428571428,0.0178571428571428,32,3.4657359027997265,21,-0.7071067811865477,0.7071067811865474,0.0892857142857142,605.8321064814814,Central_Asia,East_Asia_Pac,0.10779206,0.29324836,0.54720134,0.051758226
1308,3804,Entity 4485,7.0,0.0416666666666666,0.1041666666666666,0.1041666666666666,0.1354166666666666,0.0833333333333333,0.1354166666666666,0.0833333333333333,0.09375,0.0520833333333333,0.0208333333333333,0.0104166666666666,0.0104166666666666,0.0104166666666666,0.0104166666666666,0.0104166666666666,0.0104166666666666,0.0104166666666666,0.0104166666666666,0.0104166666666666,0.0104166666666666,0.0104166666666666,0.0104166666666666,0.0104166666666666,0.0104166666666666,72,4.276666119016055,12,1.2246467991473532e-16,-1.0,0.0520833333333333,532.2871875,East_Asia_Pac,East_Asia_Pac,0.14616753,0.15961762,0.6614941,0.032720756
374,483,Entity 1410,0.0,0.032258064516129,0.0161290322580645,0.0161290322580645,0.0161290322580645,0.0161290322580645,0.0161290322580645,0.032258064516129,0.0161290322580645,0.064516129032258,0.0161290322580645,0.0806451612903225,0.032258064516129,0.064516129032258,0.032258064516129,0.0483870967741935,0.032258064516129,0.0967741935483871,0.0161290322580645,0.0806451612903225,0.0483870967741935,0.0806451612903225,0.0806451612903225,0.0483870967741935,0.0161290322580645,38,3.6375861597263857,3,0.7071067811865475,0.7071067811865476,0.0806451612903225,257.939375,Euro_Africa,Euro_Africa,0.20131953,0.064992,0.042449206,0.69123924
351,451,Entity 1382,1.0,0.0476190476190476,0.0238095238095238,0.0238095238095238,0.0238095238095238,0.0238095238095238,0.0238095238095238,0.0238095238095238,0.0476190476190476,0.0476190476190476,0.0476190476190476,0.0476190476190476,0.0476190476190476,0.0238095238095238,0.0238095238095238,0.0952380952380952,0.0238095238095238,0.0714285714285714,0.0238095238095238,0.0238095238095238,0.0476190476190476,0.0714285714285714,0.0714285714285714,0.0238095238095238,0.0714285714285714,18,2.8903717578961645,3,0.7071067811865475,0.7071067811865476,0.119047619047619,535.6118518518518,Euro_Africa,Euro_Africa,0.07992254,0.053145356,0.07061521,0.79631686
1469,4039,Entity 5807,-5.0,0.0227272727272727,0.0454545454545454,0.0227272727272727,0.0227272727272727,0.0227272727272727,0.0227272727272727,0.0227272727272727,0.0227272727272727,0.0227272727272727,0.0681818181818181,0.0454545454545454,0.1136363636363636,0.0909090909090909,0.0909090909090909,0.0681818181818181,0.0227272727272727,0.0681818181818181,0.0227272727272727,0.0227272727272727,0.0227272727272727,0.0227272727272727,0.0227272727272727,0.0454545454545454,0.0454545454545454,20,2.995732273553991,4,0.8660254037844386,0.5000000000000001,0.1136363636363636,854.6376504629629,America,Euro_Africa,0.08079227,0.08805094,0.3752879,0.4558689
290,368,Entity 13085,7.0,0.02,0.04,0.04,0.02,0.04,0.02,0.02,0.02,0.06,0.02,0.02,0.06,0.04,0.14,0.06,0.04,0.1,0.04,0.06,0.04,0.04,0.02,0.02,0.02,26,3.258096538021482,5,0.9659258262890684,0.2588190451025207,0.12,406.3428009259259,East_Asia_Pac,Central_Asia,0.2654279,0.39852732,0.12114923,0.2148956
625,875,Entity 1758,1.0,0.0238095238095238,0.0238095238095238,0.0238095238095238,0.0238095238095238,0.0238095238095238,0.0238095238095238,0.0238095238095238,0.0238095238095238,0.0476190476190476,0.0476190476190476,0.0238095238095238,0.0476190476190476,0.0238095238095238,0.1428571428571428,0.0238095238095238,0.0238095238095238,0.0238095238095238,0.0714285714285714,0.0238095238095238,0.0952380952380952,0.0714285714285714,0.0714285714285714,0.0476190476190476,0.0238095238095238,18,2.8903717578961645,2,0.4999999999999999,0.8660254037844387,0.119047619047619,1566.3277893518518,Euro_Africa,Euro_Africa,0.09823088,0.10496826,0.06180326,0.7349976
1142,3476,Entity 413,5.5,0.0075187969924812,0.0150375939849624,0.0902255639097744,0.075187969924812,0.0150375939849624,0.1052631578947368,0.0601503759398496,0.0601503759398496,0.0601503759398496,0.0902255639097744,0.0150375939849624,0.0300751879699248,0.0150375939849624,0.037593984962406,0.0977443609022556,0.0601503759398496,0.0451127819548872,0.037593984962406,0.0150375939849624,0.0225563909774436,0.0075187969924812,0.0075187969924812,0.0075187969924812,0.0225563909774436,109,4.691347882229144,22,-0.5000000000000004,0.8660254037844384,0.0526315789473684,81.524375,Central_Asia,Central_Asia,0.04112563,0.60388386,0.3103872,0.044603296
1813,4503,Entity 880,5.5,0.0120481927710843,0.1325301204819277,0.0481927710843373,0.0120481927710843,0.0602409638554216,0.036144578313253,0.0843373493975903,0.0120481927710843,0.036144578313253,0.036144578313253,0.0240963855421686,0.0240963855421686,0.072289156626506,0.144578313253012,0.072289156626506,0.0602409638554216,0.0120481927710843,0.036144578313253,0.0120481927710843,0.0120481927710843,0.0120481927710843,0.0240963855421686,0.0120481927710843,0.0120481927710843,59,4.07753744390572,20,-0.8660254037844386,0.5000000000000001,0.072289156626506,119.31262731481482,Central_Asia,East_Asia_Pac,0.057084944,0.29570243,0.5598599,0.08735271
25,33,Entity 1022,-5.0,0.0238095238095238,0.0714285714285714,0.0238095238095238,0.0476190476190476,0.0238095238095238,0.0238095238095238,0.0476190476190476,0.0952380952380952,0.0238095238095238,0.0238095238095238,0.0476190476190476,0.0238095238095238,0.0238095238095238,0.0476190476190476,0.0238095238095238,0.0238095238095238,0.0476190476190476,0.0476190476190476,0.0238095238095238,0.0714285714285714,0.0476190476190476,0.0714285714285714,0.0238095238095238,0.0714285714285714,18,2.8903717578961645,10,0.4999999999999999,-0.8660254037844387,0.1428571428571428,1119.4257291666668,America,Euro_Africa,0.3191957,0.099784255,0.11944112,0.46157894
1557,4157,Entity 662,1.0,0.0425531914893617,0.0638297872340425,0.0212765957446808,0.0212765957446808,0.0212765957446808,0.0212765957446808,0.0425531914893617,0.0425531914893617,0.0638297872340425,0.0638297872340425,0.0212765957446808,0.0851063829787234,0.0212765957446808,0.0425531914893617,0.0212765957446808,0.0212765957446808,0.0212765957446808,0.0638297872340425,0.0425531914893617,0.0638297872340425,0.0851063829787234,0.0425531914893617,0.0425531914893617,0.0212765957446808,23,3.1354942159291497,4,0.8660254037844386,0.5000000000000001,0.1276595744680851,1249.2541203703704,Euro_Africa,Euro_Africa,0.22566907,0.05525815,0.04410612,0.6749667
326,419,Entity 1353,3.0,0.0163934426229508,0.0163934426229508,0.0327868852459016,0.040983606557377,0.0573770491803278,0.040983606557377,0.0655737704918032,0.0983606557377049,0.0983606557377049,0.040983606557377,0.0327868852459016,0.0163934426229508,0.0245901639344262,0.0163934426229508,0.0081967213114754,0.0491803278688524,0.0245901639344262,0.081967213114754,0.040983606557377,0.0327868852459016,0.0655737704918032,0.0491803278688524,0.0245901639344262,0.0245901639344262,98,4.584967478670572,12,1.2246467991473532e-16,-1.0,0.0983606557377049,775.7209953703704,Euro_Africa,Central_Asia,0.21283364,0.50641733,0.107580945,0.17316808
1869,4579,Entity 928,1.0,0.0408163265306122,0.0612244897959183,0.0204081632653061,0.0408163265306122,0.0408163265306122,0.0204081632653061,0.0408163265306122,0.1020408163265306,0.0204081632653061,0.0612244897959183,0.0408163265306122,0.0408163265306122,0.0408163265306122,0.0204081632653061,0.0204081632653061,0.1224489795918367,0.0408163265306122,0.0612244897959183,0.0204081632653061,0.0408163265306122,0.0204081632653061,0.0408163265306122,0.0204081632653061,0.0204081632653061,25,3.218875824868201,20,-0.8660254037844386,0.5000000000000001,0.1428571428571428,2179.631909722222,Euro_Africa,Euro_Africa,0.16412625,0.1891242,0.3171601,0.32958946
612,840,Entity 1725,1.0,0.0747126436781609,0.0086206896551724,0.0028735632183908,0.0057471264367816,0.0028735632183908,0.0028735632183908,0.014367816091954,0.0172413793103448,0.0689655172413793,0.0229885057471264,0.057471264367816,0.057471264367816,0.043103448275862,0.0402298850574712,0.043103448275862,0.0804597701149425,0.0632183908045977,0.0459770114942528,0.043103448275862,0.0517241379310344,0.0316091954022988,0.0459770114942528,0.0804597701149425,0.0948275862068965,324,5.780743515792329,3,0.7071067811865475,0.7071067811865476,0.0229885057471264,228.94204861111112,Euro_Africa,Euro_Africa,0.08683654,0.029090459,0.051504657,0.83256835
650,929,Entity 1803,-8.0,0.075,0.025,0.05,0.075,0.05,0.075,0.025,0.025,0.05,0.05,0.025,0.025,0.025,0.025,0.025,0.025,0.025,0.05,0.05,0.025,0.075,0.025,0.075,0.025,16,2.772588722239781,12,1.2246467991473532e-16,-1.0,0.125,307.6112962962963,America,America,0.4626181,0.2714599,0.17492129,0.09100064
1874,4586,Entity 933,8.0,0.037037037037037,0.037037037037037,0.037037037037037,0.1111111111111111,0.037037037037037,0.0925925925925925,0.074074074074074,0.0185185185185185,0.0185185185185185,0.0185185185185185,0.0925925925925925,0.0555555555555555,0.1296296296296296,0.0185185185185185,0.0185185185185185,0.0185185185185185,0.0185185185185185,0.0185185185185185,0.0185185185185185,0.0185185185185185,0.0185185185185185,0.0185185185185185,0.0185185185185185,0.0555555555555555,30,3.4011973816621555,15,-0.7071067811865471,-0.7071067811865479,0.0925925925925925,131.80613425925927,East_Asia_Pac,East_Asia_Pac,0.16820928,0.058372036,0.73995167,0.033466984
1323,3836,Entity 4518,1.0,0.0070351758793969,0.0090452261306532,0.0070351758793969,0.0030150753768844,0.0030150753768844,0.0110552763819095,0.0703517587939698,0.100502512562814,0.0311557788944723,0.0130653266331658,0.0180904522613065,0.0170854271356783,0.0402010050251256,0.0241206030150753,0.0723618090452261,0.0743718592964824,0.0321608040201005,0.0140703517587939,0.0190954773869346,0.0130653266331658,0.0060301507537688,0.0100502512562814,0.3346733668341708,0.0693467336683417,971,6.878326468291325,2,0.4999999999999999,0.8660254037844387,0.029145728643216,1013.8667708333334,Euro_Africa,Euro_Africa,0.1460914,0.09522464,0.3129341,0.44574982
815,1573,Entity 2385,-5.0,0.0588235294117647,0.106951871657754,0.1122994652406417,0.0802139037433155,0.0641711229946524,0.0053475935828877,0.0053475935828877,0.0053475935828877,0.0374331550802139,0.0053475935828877,0.0695187165775401,0.0748663101604278,0.0962566844919786,0.0267379679144385,0.0213903743315508,0.0053475935828877,0.053475935828877,0.0160427807486631,0.0053475935828877,0.0160427807486631,0.0320855614973262,0.0160427807486631,0.0106951871657754,0.0748663101604278,163,5.093750200806762,7,0.9659258262890684,-0.2588190451025206,0.0588235294117647,1822.694861111111,America,East_Asia_Pac,0.28819662,0.07478119,0.56845486,0.06856732
1934,4678,Entity 9924,-5.0,0.1707317073170731,0.024390243902439,0.024390243902439,0.073170731707317,0.024390243902439,0.0975609756097561,0.048780487804878,0.024390243902439,0.024390243902439,0.024390243902439,0.024390243902439,0.024390243902439,0.024390243902439,0.024390243902439,0.024390243902439,0.024390243902439,0.024390243902439,0.024390243902439,0.024390243902439,0.048780487804878,0.024390243902439,0.073170731707317,0.048780487804878,0.048780487804878,17,2.833213344056216,9,0.7071067811865476,-0.7071067811865475,0.1219512195121951,166.13811342592592,America,America,0.4927758,0.0678366,0.28703743,0.15235016
717,1118,Entity 197,11.0,0.0698924731182795,0.0725806451612903,0.0161290322580645,0.0134408602150537,0.0080645161290322,0.0053763440860215,0.0806451612903225,0.1370967741935483,0.0134408602150537,0.010752688172043,0.0080645161290322,0.0241935483870967,0.1397849462365591,0.2419354838709677,0.0188172043010752,0.0134408602150537,0.0026881720430107,0.0026881720430107,0.0188172043010752,0.021505376344086,0.0026881720430107,0.0188172043010752,0.0188172043010752,0.0403225806451612,348,5.8522024797744745,18,-1.0,-1.8369701987210294e-16,0.0483870967741935,1112.7844791666666,East_Asia_Pac,Euro_Africa,0.22549684,0.06252211,0.32447466,0.3875064
1722,4380,Entity 805,5.5,0.0126582278481012,0.0126582278481012,0.0126582278481012,0.0126582278481012,0.0126582278481012,0.0126582278481012,0.050632911392405,0.0632911392405063,0.0253164556962025,0.050632911392405,0.050632911392405,0.0632911392405063,0.0379746835443038,0.0886075949367088,0.0759493670886076,0.1012658227848101,0.1518987341772152,0.0379746835443038,0.0126582278481012,0.0126582278481012,0.0379746835443038,0.0379746835443038,0.0126582278481012,0.0126582278481012,55,4.007333185232471,2,0.4999999999999999,0.8660254037844387,0.0632911392405063,295.4645601851852,Central_Asia,Euro_Africa,0.024681967,0.20284596,0.1432617,0.6292104
701,1057,Entity 1914,4.0,0.024390243902439,0.024390243902439,0.024390243902439,0.048780487804878,0.024390243902439,0.073170731707317,0.073170731707317,0.024390243902439,0.048780487804878,0.048780487804878,0.024390243902439,0.048780487804878,0.024390243902439,0.024390243902439,0.048780487804878,0.024390243902439,0.048780487804878,0.1463414634146341,0.073170731707317,0.024390243902439,0.024390243902439,0.024390243902439,0.024390243902439,0.024390243902439,17,2.833213344056216,21,-0.7071067811865477,0.7071067811865474,0.1219512195121951,2107.8698263888887,Central_Asia,Central_Asia,0.07131266,0.72335744,0.122614615,0.08271526
359,464,Entity 13932,-5.0,0.0625,0.0625,0.0208333333333333,0.0416666666666666,0.0208333333333333,0.0625,0.0208333333333333,0.0208333333333333,0.0416666666666666,0.0625,0.0208333333333333,0.0416666666666666,0.1666666666666666,0.1041666666666666,0.0416666666666666,0.0416666666666666,0.0208333333333333,0.0208333333333333,0.0208333333333333,0.0208333333333333,0.0208333333333333,0.0208333333333333,0.0208333333333333,0.0208333333333333,24,3.1780538303479458,18,-1.0,-1.8369701987210294e-16,0.1041666666666666,242.8000925925926,America,East_Asia_Pac,0.08294372,0.12974018,0.6716411,0.11567501
654,933,Entity 1806,-3.0,0.0264900662251655,0.0529801324503311,0.0264900662251655,0.0397350993377483,0.0198675496688741,0.0198675496688741,0.0132450331125827,0.0198675496688741,0.0198675496688741,0.0132450331125827,0.0198675496688741,0.0132450331125827,0.0132450331125827,0.0264900662251655,0.0397350993377483,0.0728476821192053,0.0331125827814569,0.0529801324503311,0.0662251655629139,0.0927152317880794,0.0662251655629139,0.1059602649006622,0.086092715231788,0.0596026490066225,127,4.844187086458591,10,0.4999999999999999,-0.8660254037844387,0.0794701986754966,1873.078113425926,America,America,0.7948087,0.020718288,0.023965718,0.16050732
70,88,Entity 1065,8.0,0.0196078431372549,0.0196078431372549,0.0196078431372549,0.0392156862745098,0.0392156862745098,0.0196078431372549,0.0392156862745098,0.0588235294117647,0.0588235294117647,0.0392156862745098,0.0196078431372549,0.0784313725490196,0.1176470588235294,0.0980392156862745,0.0784313725490196,0.0196078431372549,0.0196078431372549,0.0392156862745098,0.0392156862745098,0.0588235294117647,0.0196078431372549,0.0196078431372549,0.0196078431372549,0.0196078431372549,27,3.295836866004329,22,-0.5000000000000004,0.8660254037844384,0.0980392156862745,680.3334259259259,East_Asia_Pac,Central_Asia,0.053260546,0.65353405,0.15334783,0.1398576
43,54,Entity 1037,5.5,0.0161290322580645,0.0161290322580645,0.0161290322580645,0.0161290322580645,0.064516129032258,0.064516129032258,0.032258064516129,0.1290322580645161,0.064516129032258,0.032258064516129,0.1129032258064516,0.0161290322580645,0.0161290322580645,0.0806451612903225,0.0483870967741935,0.064516129032258,0.0967741935483871,0.0161290322580645,0.0161290322580645,0.0161290322580645,0.0161290322580645,0.0161290322580645,0.0161290322580645,0.0161290322580645,38,3.6375861597263857,19,-0.9659258262890684,0.2588190451025203,0.0806451612903225,103.16238425925926,Central_Asia,East_Asia_Pac,0.047915492,0.35934174,0.52283037,0.06991241
1901,4627,Entity 961,8.0,0.028169014084507,0.0140845070422535,0.028169014084507,0.056338028169014,0.028169014084507,0.0422535211267605,0.056338028169014,0.0845070422535211,0.0422535211267605,0.0845070422535211,0.1126760563380281,0.028169014084507,0.028169014084507,0.0140845070422535,0.028169014084507,0.0422535211267605,0.0140845070422535,0.1267605633802817,0.028169014084507,0.056338028169014,0.0140845070422535,0.0140845070422535,0.0140845070422535,0.0140845070422535,47,3.8501476017100575,22,-0.5000000000000004,0.8660254037844384,0.0845070422535211,1469.6936921296297,East_Asia_Pac,Central_Asia,0.06711495,0.67108077,0.18543369,0.0763706
1362,3887,Entity 4801,-5.0,0.1046511627906976,0.0162790697674418,0.0488372093023255,0.0302325581395348,0.055813953488372,0.0395348837209302,0.0325581395348837,0.0186046511627906,0.0837209302325581,0.0209302325581395,0.013953488372093,0.0046511627906976,0.013953488372093,0.0046511627906976,0.0069767441860465,0.0046511627906976,0.013953488372093,0.0325581395348837,0.0790697674418604,0.1046511627906976,0.0674418604651162,0.0116279069767441,0.1720930232558139,0.0186046511627906,406,6.0063531596017325,13,-0.2588190451025208,-0.9659258262890684,0.0348837209302325,1588.7155555555555,America,America,0.61581695,0.20700607,0.09021498,0.086962
1130,3414,Entity 4028,1.0,0.0666666666666666,0.0222222222222222,0.0444444444444444,0.0222222222222222,0.0222222222222222,0.0222222222222222,0.0222222222222222,0.0444444444444444,0.0222222222222222,0.0444444444444444,0.0444444444444444,0.1111111111111111,0.0444444444444444,0.0666666666666666,0.0222222222222222,0.0222222222222222,0.0444444444444444,0.0222222222222222,0.0444444444444444,0.0222222222222222,0.0666666666666666,0.0222222222222222,0.0444444444444444,0.0888888888888888,21,3.044522437723423,3,0.7071067811865475,0.7071067811865476,0.1333333333333333,1647.4544328703705,Euro_Africa,Euro_Africa,0.1519966,0.14726941,0.16619025,0.53454375
627,877,Entity 1760,1.0,0.0192307692307692,0.0192307692307692,0.0192307692307692,0.0096153846153846,0.0192307692307692,0.048076923076923,0.0192307692307692,0.0192307692307692,0.0384615384615384,0.0384615384615384,0.048076923076923,0.0961538461538461,0.1057692307692307,0.0769230769230769,0.048076923076923,0.0576923076923076,0.0384615384615384,0.0384615384615384,0.0384615384615384,0.0576923076923076,0.0576923076923076,0.0288461538461538,0.0288461538461538,0.0288461538461538,80,4.382026634673881,2,0.4999999999999999,0.8660254037844387,0.0865384615384615,893.8468865740741,Euro_Africa,Euro_Africa,0.06369282,0.0692614,0.06831548,0.79873025
551,744,Entity 1639,3.0,0.0222222222222222,0.0444444444444444,0.0444444444444444,0.0222222222222222,0.0222222222222222,0.0222222222222222,0.0666666666666666,0.0444444444444444,0.0222222222222222,0.0444444444444444,0.0222222222222222,0.1111111111111111,0.0222222222222222,0.0222222222222222,0.1111111111111111,0.0222222222222222,0.0222222222222222,0.0666666666666666,0.0222222222222222,0.0222222222222222,0.0444444444444444,0.0888888888888888,0.0444444444444444,0.0222222222222222,21,3.044522437723423,2,0.4999999999999999,0.8660254037844387,0.1555555555555555,3042.12082175926,Euro_Africa,Euro_Africa,0.29837352,0.17155552,0.1154557,0.41461527
756,1292,Entity 2129,5.5,0.0238095238095238,0.0238095238095238,0.0476190476190476,0.0238095238095238,0.0476190476190476,0.0476190476190476,0.0476190476190476,0.0238095238095238,0.119047619047619,0.0714285714285714,0.0476190476190476,0.0476190476190476,0.0476190476190476,0.0476190476190476,0.0714285714285714,0.0476190476190476,0.0238095238095238,0.0238095238095238,0.0238095238095238,0.0238095238095238,0.0476190476190476,0.0238095238095238,0.0238095238095238,0.0238095238095238,18,2.8903717578961645,23,-0.2588190451025215,0.965925826289068,0.119047619047619,380.1397337962963,Central_Asia,Central_Asia,0.054214492,0.6429178,0.19074592,0.11212174
666,963,Entity 1830,1.0,0.0256410256410256,0.0256410256410256,0.0256410256410256,0.0256410256410256,0.0512820512820512,0.0256410256410256,0.0256410256410256,0.0512820512820512,0.0256410256410256,0.0512820512820512,0.0256410256410256,0.0512820512820512,0.0256410256410256,0.0512820512820512,0.0512820512820512,0.0769230769230769,0.0769230769230769,0.0769230769230769,0.0256410256410256,0.0256410256410256,0.0256410256410256,0.0512820512820512,0.0256410256410256,0.0769230769230769,15,2.70805020110221,4,0.8660254037844386,0.5000000000000001,0.1538461538461538,326.1148148148148,Euro_Africa,Euro_Africa,0.2624671,0.16901502,0.22372463,0.34479323
1,1,Entity 1000,2.0,0.1071428571428571,0.1071428571428571,0.0714285714285714,0.0357142857142857,0.0178571428571428,0.0357142857142857,0.0535714285714285,0.0178571428571428,0.0357142857142857,0.0357142857142857,0.0892857142857142,0.0357142857142857,0.0535714285714285,0.0535714285714285,0.0178571428571428,0.0178571428571428,0.0178571428571428,0.0357142857142857,0.0178571428571428,0.0357142857142857,0.0178571428571428,0.0357142857142857,0.0178571428571428,0.0357142857142857,32,3.4657359027997265,16,-0.8660254037844384,-0.5000000000000004,0.1071428571428571,125.70032407407408,Euro_Africa,East_Asia_Pac,0.22555786,0.10447242,0.5033638,0.16660595
589,796,Entity 1684,5.5,0.0256410256410256,0.0256410256410256,0.0256410256410256,0.0256410256410256,0.0512820512820512,0.0512820512820512,0.0256410256410256,0.1025641025641025,0.0256410256410256,0.0256410256410256,0.0256410256410256,0.0769230769230769,0.2051282051282051,0.0256410256410256,0.0256410256410256,0.0256410256410256,0.0512820512820512,0.0256410256410256,0.0256410256410256,0.0256410256410256,0.0256410256410256,0.0256410256410256,0.0256410256410256,0.0256410256410256,15,2.70805020110221,19,-0.9659258262890684,0.2588190451025203,0.1282051282051282,1127.7436805555556,Central_Asia,East_Asia_Pac,0.13527724,0.31723017,0.41544244,0.13205014
1430,3984,Entity 547,7.0,0.008695652173913,0.0260869565217391,0.0260869565217391,0.017391304347826,0.008695652173913,0.0347826086956521,0.0260869565217391,0.0695652173913043,0.0956521739130434,0.008695652173913,0.0521739130434782,0.1304347826086956,0.1043478260869565,0.1391304347826087,0.0956521739130434,0.0521739130434782,0.0434782608695652,0.008695652173913,0.008695652173913,0.008695652173913,0.008695652173913,0.008695652173913,0.008695652173913,0.008695652173913,91,4.51085950651685,19,-0.9659258262890684,0.2588190451025203,0.0434782608695652,420.8896875,East_Asia_Pac,East_Asia_Pac,0.053932298,0.28972974,0.50430787,0.15203005
405,519,Entity 1443,8.0,0.0217391304347826,0.0217391304347826,0.0217391304347826,0.0217391304347826,0.0217391304347826,0.0434782608695652,0.0652173913043478,0.0434782608695652,0.0652173913043478,0.0217391304347826,0.0434782608695652,0.0652173913043478,0.0434782608695652,0.0434782608695652,0.0434782608695652,0.0652173913043478,0.0217391304347826,0.0434782608695652,0.0652173913043478,0.0434782608695652,0.0652173913043478,0.0652173913043478,0.0217391304347826,0.0217391304347826,22,3.091042453358316,2,0.4999999999999999,0.8660254037844387,0.108695652173913,52.03553240740741,East_Asia_Pac,Euro_Africa,0.07607946,0.29382253,0.10500077,0.52509725
1747,4414,Entity 823,8.0,0.056338028169014,0.028169014084507,0.0422535211267605,0.0140845070422535,0.028169014084507,0.056338028169014,0.0422535211267605,0.028169014084507,0.028169014084507,0.0704225352112676,0.056338028169014,0.0422535211267605,0.0422535211267605,0.056338028169014,0.0704225352112676,0.0704225352112676,0.0422535211267605,0.0422535211267605,0.0422535211267605,0.028169014084507,0.0140845070422535,0.0140845070422535,0.0422535211267605,0.0422535211267605,47,3.8501476017100575,19,-0.9659258262890684,0.2588190451025203,0.1408450704225352,1027.5087152777778,East_Asia_Pac,Euro_Africa,0.16239575,0.16448644,0.3133386,0.35977918
1233,3632,Entity 4319,-5.0,0.0208333333333333,0.0416666666666666,0.0416666666666666,0.0416666666666666,0.1041666666666666,0.0416666666666666,0.0208333333333333,0.0625,0.0416666666666666,0.0625,0.0416666666666666,0.0208333333333333,0.0208333333333333,0.0208333333333333,0.0208333333333333,0.0208333333333333,0.0208333333333333,0.0208333333333333,0.0416666666666666,0.0208333333333333,0.0833333333333333,0.0625,0.0208333333333333,0.1041666666666666,24,3.1780538303479458,13,-0.2588190451025208,-0.9659258262890684,0.1041666666666666,255.6460763888889,America,America,0.4954219,0.15723939,0.19872916,0.1486096
1299,3794,Entity 4475,8.0,0.0185185185185185,0.037037037037037,0.1666666666666666,0.1666666666666666,0.037037037037037,0.0925925925925925,0.037037037037037,0.0185185185185185,0.037037037037037,0.0185185185185185,0.0185185185185185,0.0185185185185185,0.0185185185185185,0.037037037037037,0.037037037037037,0.0185185185185185,0.0185185185185185,0.0185185185185185,0.037037037037037,0.0185185185185185,0.0185185185185185,0.0185185185185185,0.0185185185185185,0.074074074074074,30,3.4011973816621555,9,0.7071067811865476,-0.7071067811865475,0.1111111111111111,30.97170138888889,East_Asia_Pac,East_Asia_Pac,0.24753699,0.09968712,0.5951906,0.057585306
518,688,Entity 159,5.0,0.0132013201320132,0.0198019801980198,0.0099009900990099,0.0132013201320132,0.0132013201320132,0.0066006600660066,0.0066006600660066,0.0231023102310231,0.0165016501650165,0.0495049504950495,0.0264026402640264,0.0825082508250825,0.0528052805280528,0.0561056105610561,0.066006600660066,0.0759075907590759,0.0627062706270627,0.0627062706270627,0.0396039603960396,0.0858085808580858,0.099009900990099,0.0594059405940594,0.0396039603960396,0.0198019801980198,279,5.631211781821365,4,0.8660254037844386,0.5000000000000001,0.0495049504950495,3790.0749652777777,Central_Asia,Euro_Africa,0.029802168,0.055037197,0.023183722,0.89197683
809,1546,Entity 236,5.5,0.0120481927710843,0.0120481927710843,0.0060240963855421,0.0240963855421686,0.0180722891566265,0.0240963855421686,0.036144578313253,0.036144578313253,0.0542168674698795,0.0421686746987951,0.0602409638554216,0.0421686746987951,0.0662650602409638,0.0903614457831325,0.0542168674698795,0.1024096385542168,0.0843373493975903,0.072289156626506,0.0783132530120482,0.0481927710843373,0.0120481927710843,0.0060240963855421,0.0060240963855421,0.0120481927710843,142,4.955827057601261,22,-0.5000000000000004,0.8660254037844384,0.0481927710843373,248.6442013888889,Central_Asia,Central_Asia,0.028882738,0.53971887,0.10216494,0.32923347
1414,3960,Entity 5304,-5.0,0.0699300699300699,0.0489510489510489,0.0699300699300699,0.0699300699300699,0.0629370629370629,0.0279720279720279,0.0419580419580419,0.0419580419580419,0.0699300699300699,0.0699300699300699,0.0139860139860139,0.0419580419580419,0.0069930069930069,0.0139860139860139,0.0069930069930069,0.0069930069930069,0.0209790209790209,0.0349650349650349,0.0349650349650349,0.0629370629370629,0.0559440559440559,0.0349650349650349,0.0349650349650349,0.0559440559440559,119,4.77912349311153,14,-0.4999999999999997,-0.8660254037844388,0.0559440559440559,1396.256863425926,America,America,0.7364621,0.050608702,0.08387177,0.1290574
1694,4347,Entity 783,3.0,0.0158730158730158,0.0158730158730158,0.0158730158730158,0.0158730158730158,0.0158730158730158,0.0158730158730158,0.0158730158730158,0.0476190476190476,0.0476190476190476,0.0476190476190476,0.1111111111111111,0.0793650793650793,0.0158730158730158,0.0634920634920634,0.0317460317460317,0.0158730158730158,0.0317460317460317,0.0634920634920634,0.0476190476190476,0.0476190476190476,0.1587301587301587,0.0317460317460317,0.0158730158730158,0.0317460317460317,39,3.6635616461296463,2,0.4999999999999999,0.8660254037844387,0.0793650793650793,2617.880289351852,Euro_Africa,Euro_Africa,0.04121361,0.070740096,0.041422397,0.8466239
230,282,Entity 1231,8.0,0.0666666666666666,0.0444444444444444,0.0444444444444444,0.0222222222222222,0.0222222222222222,0.0222222222222222,0.0222222222222222,0.0444444444444444,0.0444444444444444,0.0222222222222222,0.0222222222222222,0.0222222222222222,0.0444444444444444,0.0666666666666666,0.1333333333333333,0.0666666666666666,0.0444444444444444,0.0666666666666666,0.0222222222222222,0.0222222222222222,0.0444444444444444,0.0444444444444444,0.0222222222222222,0.0222222222222222,21,3.044522437723423,5,0.9659258262890684,0.2588190451025207,0.1333333333333333,508.0336458333333,East_Asia_Pac,Euro_Africa,0.265632,0.1425649,0.14518555,0.4466175
86,106,Entity 1080,7.0,0.0178571428571428,0.0535714285714285,0.1071428571428571,0.0357142857142857,0.0892857142857142,0.0357142857142857,0.0892857142857142,0.0714285714285714,0.0535714285714285,0.0357142857142857,0.0714285714285714,0.0357142857142857,0.0535714285714285,0.0178571428571428,0.0178571428571428,0.0178571428571428,0.0357142857142857,0.0178571428571428,0.0178571428571428,0.0357142857142857,0.0178571428571428,0.0178571428571428,0.0357142857142857,0.0178571428571428,32,3.4657359027997265,15,-0.7071067811865471,-0.7071067811865479,0.1071428571428571,70.84560185185185,East_Asia_Pac,East_Asia_Pac,0.11530749,0.24911448,0.5786917,0.056886345
790,1451,Entity 22751,7.0,0.0113636363636363,0.0795454545454545,0.034090909090909,0.0454545454545454,0.0681818181818181,0.0227272727272727,0.0454545454545454,0.0795454545454545,0.0227272727272727,0.0113636363636363,0.0454545454545454,0.0795454545454545,0.0113636363636363,0.0795454545454545,0.034090909090909,0.0795454545454545,0.0681818181818181,0.0113636363636363,0.0909090909090909,0.0113636363636363,0.0113636363636363,0.0113636363636363,0.0113636363636363,0.034090909090909,64,4.158883083359672,21,-0.7071067811865477,0.7071067811865474,0.0795454545454545,61.71143518518519,East_Asia_Pac,East_Asia_Pac,0.1404545,0.17966266,0.6125968,0.067286015
1000,2519,Entity 3147,0.0,0.02,0.04,0.04,0.02,0.04,0.02,0.02,0.04,0.02,0.04,0.04,0.02,0.1,0.1,0.06,0.08,0.06,0.04,0.02,0.04,0.04,0.02,0.04,0.04,26,3.258096538021482,4,0.8660254037844386,0.5000000000000001,0.14,452.0393287037037,Euro_Africa,Euro_Africa,0.24096493,0.17305702,0.24696967,0.33900836
1343,3862,Entity 4675,-5.0,0.0588235294117647,0.0784313725490196,0.0196078431372549,0.0196078431372549,0.1764705882352941,0.0392156862745098,0.0392156862745098,0.0392156862745098,0.0196078431372549,0.0392156862745098,0.0392156862745098,0.0196078431372549,0.0392156862745098,0.0196078431372549,0.0196078431372549,0.0196078431372549,0.0196078431372549,0.0196078431372549,0.0392156862745098,0.0784313725490196,0.0392156862745098,0.0588235294117647,0.0196078431372549,0.0392156862745098,27,3.295836866004329,15,-0.7071067811865471,-0.7071067811865479,0.0980392156862745,1762.3275810185185,America,Euro_Africa,0.37008658,0.07712573,0.11855809,0.43422964
1069,3018,Entity 364,1.0,0.0175438596491228,0.0087719298245614,0.0087719298245614,0.0087719298245614,0.0175438596491228,0.0087719298245614,0.0526315789473684,0.0526315789473684,0.0526315789473684,0.0701754385964912,0.087719298245614,0.1052631578947368,0.0701754385964912,0.0350877192982456,0.0526315789473684,0.0350877192982456,0.0526315789473684,0.0263157894736842,0.0614035087719298,0.0175438596491228,0.0701754385964912,0.0526315789473684,0.0175438596491228,0.0175438596491228,90,4.499809670330265,3,0.7071067811865475,0.7071067811865476,0.0526315789473684,197.6563078703704,Euro_Africa,Euro_Africa,0.03188718,0.18335606,0.10735352,0.6774032
634,890,Entity 177,0.0,0.0227272727272727,0.0227272727272727,0.0227272727272727,0.0227272727272727,0.0227272727272727,0.0227272727272727,0.0227272727272727,0.0681818181818181,0.0454545454545454,0.0454545454545454,0.0909090909090909,0.0227272727272727,0.0454545454545454,0.0909090909090909,0.0227272727272727,0.0454545454545454,0.0454545454545454,0.0681818181818181,0.0454545454545454,0.0454545454545454,0.0454545454545454,0.0681818181818181,0.0227272727272727,0.0227272727272727,20,2.995732273553991,2,0.4999999999999999,0.8660254037844387,0.1136363636363636,2043.0920717592592,Euro_Africa,Euro_Africa,0.04075769,0.1654779,0.03956543,0.75419897
272,338,Entity 1282,-5.0,0.0714285714285714,0.0714285714285714,0.0714285714285714,0.0357142857142857,0.0535714285714285,0.0357142857142857,0.0535714285714285,0.0178571428571428,0.0357142857142857,0.0178571428571428,0.0178571428571428,0.0178571428571428,0.0178571428571428,0.0714285714285714,0.0178571428571428,0.0178571428571428,0.0357142857142857,0.0357142857142857,0.0714285714285714,0.0357142857142857,0.0357142857142857,0.0892857142857142,0.0357142857142857,0.0357142857142857,32,3.4657359027997265,10,0.4999999999999999,-0.8660254037844387,0.1071428571428571,201.09159722222225,America,America,0.8890473,0.02410048,0.05054141,0.03631075
192,233,Entity 1189,7.0,0.04,0.02,0.02,0.02,0.04,0.04,0.04,0.04,0.02,0.08,0.02,0.04,0.04,0.02,0.02,0.04,0.06,0.04,0.12,0.06,0.04,0.04,0.04,0.06,26,3.258096538021482,3,0.7071067811865475,0.7071067811865476,0.1399999999999999,3325.891817129629,East_Asia_Pac,Euro_Africa,0.26674205,0.08402859,0.08730381,0.56192553
362,468,Entity 1397,5.5,0.02,0.06,0.08,0.08,0.08,0.02,0.02,0.04,0.04,0.02,0.02,0.08,0.02,0.04,0.04,0.04,0.08,0.06,0.06,0.02,0.02,0.02,0.02,0.02,26,3.258096538021482,21,-0.7071067811865477,0.7071067811865474,0.1,97.36498842592592,Central_Asia,Central_Asia,0.14458525,0.40465403,0.38513795,0.06562276
760,1309,Entity 21434,-5.0,0.0394736842105263,0.0526315789473684,0.0526315789473684,0.0394736842105263,0.0131578947368421,0.0263157894736842,0.0263157894736842,0.1052631578947368,0.0921052631578947,0.0921052631578947,0.0394736842105263,0.0394736842105263,0.0394736842105263,0.0657894736842105,0.0526315789473684,0.0131578947368421,0.0263157894736842,0.0526315789473684,0.0131578947368421,0.0394736842105263,0.0131578947368421,0.0394736842105263,0.0131578947368421,0.0131578947368421,52,3.951243718581428,20,-0.8660254037844386,0.5000000000000001,0.1184210526315789,682.1854282407407,America,East_Asia_Pac,0.16064608,0.1906691,0.34593514,0.30274972
945,2239,Entity 29174,1.0,0.1,0.06,0.04,0.04,0.08,0.02,0.02,0.02,0.02,0.02,0.04,0.02,0.04,0.02,0.02,0.02,0.02,0.06,0.02,0.04,0.02,0.16,0.06,0.04,26,3.258096538021482,7,0.9659258262890684,-0.2588190451025206,0.1,1048.3765856481482,Euro_Africa,America,0.7220309,0.032368,0.1581503,0.08745085
318,410,Entity 1345,8.0,0.0714285714285714,0.0714285714285714,0.0476190476190476,0.0476190476190476,0.0238095238095238,0.0238095238095238,0.0714285714285714,0.119047619047619,0.0238095238095238,0.0238095238095238,0.0238095238095238,0.0238095238095238,0.0238095238095238,0.0714285714285714,0.0238095238095238,0.0714285714285714,0.0238095238095238,0.0238095238095238,0.0238095238095238,0.0238095238095238,0.0238095238095238,0.0476190476190476,0.0238095238095238,0.0476190476190476,18,2.8903717578961645,10,0.4999999999999999,-0.8660254037844387,0.119047619047619,123.94673611111112,East_Asia_Pac,East_Asia_Pac,0.34451348,0.0698689,0.4661273,0.11949031
1429,3981,Entity 5459,-5.0,0.0357142857142857,0.0714285714285714,0.0892857142857142,0.1071428571428571,0.1517857142857142,0.0446428571428571,0.0535714285714285,0.0089285714285714,0.0178571428571428,0.0089285714285714,0.0089285714285714,0.0089285714285714,0.0089285714285714,0.0089285714285714,0.0178571428571428,0.0089285714285714,0.0446428571428571,0.0089285714285714,0.0178571428571428,0.0446428571428571,0.0357142857142857,0.0357142857142857,0.0714285714285714,0.0892857142857142,88,4.477336814478207,11,0.258819045102521,-0.9659258262890682,0.0446428571428571,2900.139236111111,America,America,0.92236066,0.012650393,0.043039247,0.02194978
984,2445,Entity 3074,5.5,0.0090634441087613,0.0211480362537764,0.0407854984894259,0.0317220543806646,0.0453172205438066,0.0407854984894259,0.0453172205438066,0.0468277945619335,0.1435045317220543,0.0951661631419939,0.0407854984894259,0.0513595166163142,0.0468277945619335,0.0362537764350453,0.0498489425981873,0.0332326283987915,0.0498489425981873,0.0574018126888217,0.0558912386706948,0.0377643504531722,0.0060422960725075,0.0060422960725075,0.0060422960725075,0.0030211480362537,638,6.45833828334479,22,-0.5000000000000004,0.8660254037844384,0.0302114803625377,837.1083217592593,Central_Asia,Central_Asia,0.035207592,0.77618057,0.13054729,0.058064576
142,174,Entity 1134,8.0,0.0677966101694915,0.0677966101694915,0.1016949152542373,0.0169491525423728,0.0169491525423728,0.0338983050847457,0.0169491525423728,0.0677966101694915,0.0338983050847457,0.0508474576271186,0.0508474576271186,0.0169491525423728,0.0338983050847457,0.0169491525423728,0.0169491525423728,0.0169491525423728,0.0508474576271186,0.1186440677966101,0.0847457627118644,0.0338983050847457,0.0169491525423728,0.0338983050847457,0.0169491525423728,0.0169491525423728,35,3.555348061489413,13,-0.2588190451025208,-0.9659258262890684,0.1016949152542372,1871.553935185185,East_Asia_Pac,Euro_Africa,0.17015733,0.15425487,0.13040249,0.5451853
1784,4459,Entity 855,5.5,0.0153846153846153,0.0153846153846153,0.0307692307692307,0.0153846153846153,0.0307692307692307,0.0769230769230769,0.0615384615384615,0.0769230769230769,0.0153846153846153,0.0769230769230769,0.0153846153846153,0.0615384615384615,0.0461538461538461,0.0153846153846153,0.0307692307692307,0.0769230769230769,0.0461538461538461,0.0615384615384615,0.0615384615384615,0.0307692307692307,0.0769230769230769,0.0307692307692307,0.0153846153846153,0.0153846153846153,41,3.713572066704308,23,-0.2588190451025215,0.965925826289068,0.0923076923076923,205.40100694444445,Central_Asia,Central_Asia,0.10480139,0.4373767,0.14782667,0.30999523
832,1642,Entity 24508,7.0,0.0227272727272727,0.0227272727272727,0.0909090909090909,0.0795454545454545,0.0909090909090909,0.0568181818181818,0.0681818181818181,0.0681818181818181,0.0568181818181818,0.0681818181818181,0.034090909090909,0.0454545454545454,0.034090909090909,0.0227272727272727,0.0454545454545454,0.0454545454545454,0.0227272727272727,0.034090909090909,0.0113636363636363,0.0113636363636363,0.0113636363636363,0.0113636363636363,0.0227272727272727,0.0227272727272727,64,4.158883083359672,20,-0.8660254037844386,0.5000000000000001,0.0681818181818181,184.8123148148148,East_Asia_Pac,Central_Asia,0.02866781,0.520399,0.42438003,0.02655318
1792,4468,Entity 862,8.0,0.0535714285714285,0.0535714285714285,0.0535714285714285,0.0714285714285714,0.0535714285714285,0.0357142857142857,0.0178571428571428,0.0535714285714285,0.0714285714285714,0.0178571428571428,0.0535714285714285,0.0535714285714285,0.0535714285714285,0.0178571428571428,0.0535714285714285,0.0714285714285714,0.0357142857142857,0.0178571428571428,0.0178571428571428,0.0178571428571428,0.0535714285714285,0.0178571428571428,0.0357142857142857,0.0178571428571428,32,3.4657359027997265,19,-0.9659258262890684,0.2588190451025203,0.125,131.22319444444443,East_Asia_Pac,East_Asia_Pac,0.30018866,0.14931959,0.47590986,0.074581936
733,1195,Entity 2040,5.5,0.0120481927710843,0.0120481927710843,0.0481927710843373,0.0240963855421686,0.0240963855421686,0.0602409638554216,0.1927710843373494,0.0240963855421686,0.0120481927710843,0.036144578313253,0.036144578313253,0.0120481927710843,0.0120481927710843,0.0120481927710843,0.0120481927710843,0.0602409638554216,0.0240963855421686,0.072289156626506,0.1204819277108433,0.144578313253012,0.0120481927710843,0.0120481927710843,0.0120481927710843,0.0120481927710843,59,4.07753744390572,22,-0.5000000000000004,0.8660254037844384,0.0602409638554216,393.8146296296296,Central_Asia,Central_Asia,0.08325467,0.68468624,0.13266586,0.09939322
705,1070,Entity 1926,3.0,0.0133333333333333,0.0133333333333333,0.0266666666666666,0.0133333333333333,0.0133333333333333,0.0133333333333333,0.1066666666666666,0.0533333333333333,0.04,0.0666666666666666,0.0533333333333333,0.08,0.0266666666666666,0.0666666666666666,0.04,0.0533333333333333,0.0533333333333333,0.0533333333333333,0.0666666666666666,0.04,0.04,0.0133333333333333,0.0266666666666666,0.0266666666666666,51,3.9318256327243257,2,0.4999999999999999,0.8660254037844387,0.08,930.4265972222222,Euro_Africa,Euro_Africa,0.06498766,0.26568943,0.096655704,0.57266724
943,2219,Entity 2902,-5.0,0.0196078431372549,0.0392156862745098,0.0784313725490196,0.0980392156862745,0.0588235294117647,0.1372549019607843,0.0392156862745098,0.0196078431372549,0.0392156862745098,0.0196078431372549,0.0588235294117647,0.0196078431372549,0.0196078431372549,0.0196078431372549,0.0196078431372549,0.0196078431372549,0.0196078431372549,0.0392156862745098,0.0196078431372549,0.0196078431372549,0.0392156862745098,0.0784313725490196,0.0196078431372549,0.0588235294117647,27,3.295836866004329,13,-0.2588190451025208,-0.9659258262890684,0.0980392156862745,814.4753472222222,America,America,0.57512355,0.10545674,0.23350462,0.08591511
819,1580,Entity 2391,7.0,0.0289389067524115,0.0418006430868167,0.0643086816720257,0.0257234726688102,0.0514469453376205,0.0418006430868167,0.0546623794212218,0.0321543408360128,0.0546623794212218,0.0578778135048231,0.0739549839228295,0.067524115755627,0.0321543408360128,0.0643086816720257,0.0836012861736334,0.0803858520900321,0.0257234726688102,0.0192926045016077,0.0160771704180064,0.0096463022508038,0.0096463022508038,0.0032154340836012,0.022508038585209,0.0385852090032154,287,5.659482215759621,19,-0.9659258262890684,0.2588190451025203,0.0578778135048231,681.8258680555556,East_Asia_Pac,East_Asia_Pac,0.078217864,0.09096787,0.7712043,0.059609976
1393,3927,Entity 508,2.0,0.0181818181818181,0.0363636363636363,0.0181818181818181,0.0181818181818181,0.0181818181818181,0.0363636363636363,0.0181818181818181,0.0363636363636363,0.0363636363636363,0.0727272727272727,0.0181818181818181,0.0363636363636363,0.0545454545454545,0.0363636363636363,0.0727272727272727,0.0545454545454545,0.0727272727272727,0.0363636363636363,0.0363636363636363,0.0545454545454545,0.0909090909090909,0.0727272727272727,0.0363636363636363,0.0181818181818181,31,3.4339872044851463,4,0.8660254037844386,0.5000000000000001,0.109090909090909,894.7701157407407,Euro_Africa,Euro_Africa,0.124060914,0.09243123,0.06136805,0.7221398
993,2499,Entity 3128,1.0,0.0181818181818181,0.0181818181818181,0.009090909090909,0.009090909090909,0.0181818181818181,0.0272727272727272,0.0363636363636363,0.009090909090909,0.0272727272727272,0.0818181818181818,0.0909090909090909,0.0909090909090909,0.0363636363636363,0.0454545454545454,0.0818181818181818,0.0454545454545454,0.0545454545454545,0.0272727272727272,0.0181818181818181,0.0545454545454545,0.0272727272727272,0.0454545454545454,0.0727272727272727,0.0545454545454545,86,4.454347296253507,2,0.4999999999999999,0.8660254037844387,0.0727272727272727,364.9730555555556,Euro_Africa,Euro_Africa,0.055882704,0.03989475,0.10625795,0.79796463
764,1326,Entity 2159,13.0,0.0666666666666666,0.0133333333333333,0.04,0.0266666666666666,0.08,0.04,0.04,0.0533333333333333,0.0133333333333333,0.0133333333333333,0.04,0.0533333333333333,0.04,0.0133333333333333,0.0266666666666666,0.0533333333333333,0.12,0.0666666666666666,0.0266666666666666,0.0133333333333333,0.04,0.0666666666666666,0.0266666666666666,0.0266666666666666,51,3.9318256327243257,7,0.9659258262890684,-0.2588190451025206,0.16,1857.6144097222225,East_Asia_Pac,America,0.39246684,0.15629806,0.1902696,0.26096553
1514,4104,Entity 626,5.5,0.0108695652173913,0.0108695652173913,0.0978260869565217,0.0869565217391304,0.0326086956521739,0.0978260869565217,0.0434782608695652,0.0434782608695652,0.0543478260869565,0.0760869565217391,0.0108695652173913,0.0108695652173913,0.0326086956521739,0.0869565217391304,0.0326086956521739,0.0543478260869565,0.108695652173913,0.0326086956521739,0.0217391304347826,0.0108695652173913,0.0108695652173913,0.0108695652173913,0.0108695652173913,0.0108695652173913,68,4.219507705176107,21,-0.7071067811865477,0.7071067811865474,0.0543478260869565,358.57563657407405,Central_Asia,Central_Asia,0.03474046,0.5069547,0.4259055,0.032399353
560,757,Entity 1650,5.5,0.0238095238095238,0.119047619047619,0.0476190476190476,0.0714285714285714,0.0714285714285714,0.0476190476190476,0.0238095238095238,0.0952380952380952,0.0238095238095238,0.0238095238095238,0.0476190476190476,0.0238095238095238,0.0476190476190476,0.0238095238095238,0.0714285714285714,0.0238095238095238,0.0238095238095238,0.0238095238095238,0.0476190476190476,0.0238095238095238,0.0238095238095238,0.0238095238095238,0.0238095238095238,0.0238095238095238,18,2.8903717578961645,21,-0.7071067811865477,0.7071067811865474,0.119047619047619,707.2943171296296,Central_Asia,Central_Asia,0.1318765,0.42213836,0.36500156,0.080983564
229,281,Entity 1230,5.5,0.0212765957446808,0.0212765957446808,0.0425531914893617,0.0212765957446808,0.0851063829787234,0.0638297872340425,0.0212765957446808,0.0212765957446808,0.0425531914893617,0.0638297872340425,0.0638297872340425,0.0212765957446808,0.0212765957446808,0.0425531914893617,0.0212765957446808,0.0212765957446808,0.0212765957446808,0.1276595744680851,0.0851063829787234,0.0851063829787234,0.0212765957446808,0.0212765957446808,0.0212765957446808,0.0212765957446808,23,3.1354942159291497,22,-0.5000000000000004,0.8660254037844384,0.1063829787234042,1270.6205555555557,Central_Asia,Central_Asia,0.08710635,0.6696685,0.14805803,0.09516714
1339,3858,Entity 464,-5.0,0.0575539568345323,0.0575539568345323,0.0503597122302158,0.0503597122302158,0.0503597122302158,0.079136690647482,0.0431654676258992,0.0215827338129496,0.014388489208633,0.0215827338129496,0.014388489208633,0.0215827338129496,0.014388489208633,0.0431654676258992,0.0431654676258992,0.0359712230215827,0.0287769784172661,0.0431654676258992,0.0575539568345323,0.0575539568345323,0.0431654676258992,0.0647482014388489,0.0431654676258992,0.0431654676258992,115,4.74493212836325,10,0.4999999999999999,-0.8660254037844387,0.0863309352517985,2436.789560185185,America,America,0.8593613,0.027065784,0.045082703,0.06849027
1035,2765,Entity 3390,-4.0,0.0511508951406649,0.0613810741687979,0.0613810741687979,0.0716112531969309,0.0460358056265984,0.0383631713554987,0.0306905370843989,0.0153452685421994,0.0025575447570332,0.0051150895140664,0.0230179028132992,0.0102301790281329,0.0306905370843989,0.0716112531969309,0.0485933503836317,0.0485933503836317,0.0818414322250639,0.0409207161125319,0.0613810741687979,0.0460358056265984,0.0383631713554987,0.0434782608695652,0.0281329923273657,0.0434782608695652,367,5.905361848054571,9,0.7071067811865476,-0.7071067811865475,0.0562659846547314,4159.62599537037,America,America,0.8955768,0.02021272,0.039372545,0.044838004
1905,4633,Entity 969,8.0,0.0666666666666666,0.0666666666666666,0.0666666666666666,0.05,0.0333333333333333,0.05,0.0833333333333333,0.0166666666666666,0.0333333333333333,0.0333333333333333,0.0166666666666666,0.05,0.05,0.1,0.0333333333333333,0.05,0.0333333333333333,0.0166666666666666,0.0333333333333333,0.0166666666666666,0.0333333333333333,0.0166666666666666,0.0166666666666666,0.0333333333333333,36,3.58351893845611,19,-0.9659258262890684,0.2588190451025203,0.1166666666666666,45.87362268518518,East_Asia_Pac,East_Asia_Pac,0.17020147,0.1272946,0.60160583,0.10089807
1870,4580,Entity 929,7.0,0.0161290322580645,0.064516129032258,0.1129032258064516,0.0483870967741935,0.0483870967741935,0.032258064516129,0.0483870967741935,0.032258064516129,0.0161290322580645,0.0483870967741935,0.032258064516129,0.0483870967741935,0.0483870967741935,0.064516129032258,0.0806451612903225,0.0483870967741935,0.0806451612903225,0.032258064516129,0.0161290322580645,0.0161290322580645,0.0161290322580645,0.0161290322580645,0.0161290322580645,0.0161290322580645,38,3.6375861597263857,20,-0.8660254037844386,0.5000000000000001,0.0806451612903225,522.1743171296297,East_Asia_Pac,East_Asia_Pac,0.038330354,0.31640103,0.60182416,0.043444462
856,1761,Entity 254,1.0,0.0033167495854063,0.0099502487562189,0.0066334991708126,0.0066334991708126,0.0033167495854063,0.0049751243781094,0.0066334991708126,0.0348258706467661,0.0580431177446102,0.0796019900497512,0.0812603648424544,0.1127694859038142,0.1094527363184079,0.1144278606965174,0.0779436152570481,0.087893864013267,0.0679933665008291,0.0398009950248756,0.0248756218905472,0.0199004975124378,0.0149253731343283,0.0149253731343283,0.011608623548922,0.0082918739635157,579,6.361302477572996,4,0.8660254037844386,0.5000000000000001,0.0281923714759535,4203.514004629629,Euro_Africa,Euro_Africa,0.022623634,0.31040177,0.19969948,0.4672751
1423,3972,Entity 540,7.0,0.0790697674418604,0.027906976744186,0.055813953488372,0.0186046511627906,0.0697674418604651,0.0232558139534883,0.041860465116279,0.0465116279069767,0.0697674418604651,0.055813953488372,0.041860465116279,0.055813953488372,0.027906976744186,0.055813953488372,0.0465116279069767,0.0651162790697674,0.0232558139534883,0.0372093023255813,0.013953488372093,0.0046511627906976,0.0093023255813953,0.0093023255813953,0.0604651162790697,0.0604651162790697,191,5.25227342804663,19,-0.9659258262890684,0.2588190451025203,0.0744186046511627,187.38104166666668,East_Asia_Pac,East_Asia_Pac,0.09893313,0.07169406,0.73494184,0.09443097
711,1097,Entity 195,2.0,0.0212121212121212,0.0181818181818181,0.0212121212121212,0.0212121212121212,0.0242424242424242,0.0272727272727272,0.0303030303030303,0.0151515151515151,0.0272727272727272,0.0727272727272727,0.0333333333333333,0.0424242424242424,0.0636363636363636,0.103030303030303,0.0727272727272727,0.0727272727272727,0.0333333333333333,0.0666666666666666,0.0393939393939393,0.0484848484848484,0.0545454545454545,0.0363636363636363,0.0303030303030303,0.0242424242424242,306,5.723585101952381,1,0.2588190451025207,0.9659258262890684,0.106060606060606,1449.2200694444443,Euro_Africa,Euro_Africa,0.05113867,0.09986553,0.03772034,0.8112755
1857,4561,Entity 918,5.5,0.0428571428571428,0.0142857142857142,0.0142857142857142,0.0285714285714285,0.0714285714285714,0.0285714285714285,0.1,0.0857142857142857,0.0285714285714285,0.0142857142857142,0.0285714285714285,0.0142857142857142,0.0571428571428571,0.1285714285714285,0.0714285714285714,0.0714285714285714,0.0285714285714285,0.0714285714285714,0.0142857142857142,0.0142857142857142,0.0285714285714285,0.0142857142857142,0.0142857142857142,0.0142857142857142,46,3.828641396489095,21,-0.7071067811865477,0.7071067811865474,0.0857142857142857,91.31390046296296,Central_Asia,Central_Asia,0.11231419,0.44221053,0.34673965,0.09873569
495,645,Entity 1550,5.0,0.0256410256410256,0.0512820512820512,0.0512820512820512,0.0256410256410256,0.0256410256410256,0.0256410256410256,0.0256410256410256,0.0512820512820512,0.0769230769230769,0.0256410256410256,0.0769230769230769,0.0769230769230769,0.0256410256410256,0.0769230769230769,0.0256410256410256,0.0512820512820512,0.0512820512820512,0.0512820512820512,0.0512820512820512,0.0256410256410256,0.0256410256410256,0.0256410256410256,0.0256410256410256,0.0256410256410256,15,2.70805020110221,21,-0.7071067811865477,0.7071067811865474,0.1282051282051282,55.7322800925926,Central_Asia,East_Asia_Pac,0.15539277,0.31245208,0.31508723,0.21706791
1895,4617,Entity 9546,-5.0,0.0387596899224806,0.1007751937984496,0.0387596899224806,0.1550387596899224,0.0155038759689922,0.2093023255813953,0.0852713178294573,0.0077519379844961,0.0077519379844961,0.0077519379844961,0.0077519379844961,0.0077519379844961,0.0155038759689922,0.0232558139534883,0.0077519379844961,0.0697674418604651,0.1085271317829457,0.0155038759689922,0.0155038759689922,0.0077519379844961,0.0155038759689922,0.0077519379844961,0.0155038759689922,0.0155038759689922,105,4.653960350157523,9,0.7071067811865476,-0.7071067811865475,0.0387596899224806,475.672662037037,America,East_Asia_Pac,0.3119263,0.10830626,0.5391525,0.040614896
1157,3496,Entity 4188,8.0,0.025,0.025,0.125,0.025,0.025,0.025,0.025,0.025,0.025,0.025,0.05,0.025,0.025,0.05,0.1,0.05,0.025,0.025,0.125,0.075,0.025,0.025,0.025,0.025,16,2.772588722239781,5,0.9659258262890684,0.2588190451025207,0.125,82.7765625,East_Asia_Pac,Central_Asia,0.16481875,0.37442046,0.253029,0.20773178
287,364,Entity 1305,5.5,0.0204081632653061,0.0612244897959183,0.0204081632653061,0.0204081632653061,0.0204081632653061,0.0408163265306122,0.1428571428571428,0.0612244897959183,0.0408163265306122,0.0204081632653061,0.0204081632653061,0.0408163265306122,0.0204081632653061,0.0408163265306122,0.0612244897959183,0.0408163265306122,0.0408163265306122,0.1224489795918367,0.0612244897959183,0.0204081632653061,0.0204081632653061,0.0204081632653061,0.0204081632653061,0.0204081632653061,25,3.218875824868201,21,-0.7071067811865477,0.7071067811865474,0.1020408163265306,30.51226851851852,Central_Asia,Central_Asia,0.116323106,0.5171856,0.23661733,0.12987396
467,607,Entity 1519,-5.0,0.0208333333333333,0.0416666666666666,0.0208333333333333,0.125,0.1875,0.0416666666666666,0.0625,0.0208333333333333,0.0208333333333333,0.0208333333333333,0.0208333333333333,0.0208333333333333,0.0208333333333333,0.0208333333333333,0.0625,0.0625,0.0208333333333333,0.0208333333333333,0.0208333333333333,0.0416666666666666,0.0208333333333333,0.0208333333333333,0.0208333333333333,0.0625,24,3.1780538303479458,9,0.7071067811865476,-0.7071067811865475,0.1041666666666666,63.82002314814815,America,East_Asia_Pac,0.2792578,0.12096621,0.5398515,0.05992453
1643,4277,Entity 741,7.0,0.0326086956521739,0.0434782608695652,0.0326086956521739,0.0326086956521739,0.0652173913043478,0.0869565217391304,0.0543478260869565,0.0543478260869565,0.0434782608695652,0.0978260869565217,0.0217391304347826,0.0652173913043478,0.0217391304347826,0.0543478260869565,0.0760869565217391,0.0434782608695652,0.0108695652173913,0.0326086956521739,0.0326086956521739,0.0217391304347826,0.0217391304347826,0.0108695652173913,0.0217391304347826,0.0217391304347826,68,4.219507705176107,21,-0.7071067811865477,0.7071067811865474,0.0978260869565217,133.13146990740742,East_Asia_Pac,East_Asia_Pac,0.12036345,0.3340968,0.47517127,0.07036846
1049,2876,Entity 35,1.0,0.0369127516778523,0.0201342281879194,0.0134228187919463,0.0201342281879194,0.0067114093959731,0.0201342281879194,0.0536912751677852,0.0536912751677852,0.0503355704697986,0.0402684563758389,0.0738255033557047,0.0536912751677852,0.0335570469798657,0.0436241610738255,0.0838926174496644,0.0503355704697986,0.0637583892617449,0.0369127516778523,0.0369127516778523,0.0369127516778523,0.0838926174496644,0.0302013422818791,0.0167785234899328,0.0402684563758389,274,5.613128106388071,3,0.7071067811865475,0.7071067811865476,0.0805369127516778,3110.8052199074077,Euro_Africa,Euro_Africa,0.053827792,0.063539475,0.04969847,0.8329343
1714,4371,Entity 80,8.0,0.1201513718070009,0.0368968779564806,0.0066225165562913,0.0141911069063386,0.0056764427625354,0.0558183538315988,0.0264900662251655,0.0245979186376537,0.0151371807000946,0.0170293282876064,0.0037842951750236,0.0548722800378429,0.1173131504257332,0.1277199621570482,0.1239356669820246,0.130558183538316,0.0548722800378429,0.0331125827814569,0.0264900662251655,0.0009460737937559,0.0009460737937559,0.0009460737937559,0.0009460737937559,0.0009460737937559,1033,6.940222469119639,21,-0.7071067811865477,0.7071067811865474,0.0047303689687795,1896.556909722222,East_Asia_Pac,East_Asia_Pac,0.22094955,0.17054482,0.34346116,0.2650445
37,46,Entity 1030,1.0,0.0909090909090909,0.0681818181818181,0.0681818181818181,0.0227272727272727,0.0227272727272727,0.0227272727272727,0.0454545454545454,0.0227272727272727,0.0454545454545454,0.0227272727272727,0.0454545454545454,0.0454545454545454,0.0454545454545454,0.0454545454545454,0.0227272727272727,0.0454545454545454,0.0681818181818181,0.0454545454545454,0.0454545454545454,0.0454545454545454,0.0227272727272727,0.0227272727272727,0.0227272727272727,0.0454545454545454,20,2.995732273553991,5,0.9659258262890684,0.2588190451025207,0.1363636363636363,2790.7825,Euro_Africa,Euro_Africa,0.20243953,0.16725747,0.23364407,0.39665896
917,2047,Entity 2787,-8.0,0.054054054054054,0.054054054054054,0.0945945945945946,0.0405405405405405,0.027027027027027,0.027027027027027,0.027027027027027,0.027027027027027,0.027027027027027,0.0135135135135135,0.027027027027027,0.0135135135135135,0.0405405405405405,0.0675675675675675,0.027027027027027,0.027027027027027,0.054054054054054,0.0675675675675675,0.0405405405405405,0.054054054054054,0.0675675675675675,0.027027027027027,0.054054054054054,0.0405405405405405,50,3.912023005428146,9,0.7071067811865476,-0.7071067811865475,0.1081081081081081,175.52327546296297,America,America,0.77266794,0.036625497,0.086325094,0.104381494
682,1000,Entity 1864,0.0,0.024390243902439,0.024390243902439,0.024390243902439,0.024390243902439,0.048780487804878,0.048780487804878,0.024390243902439,0.073170731707317,0.073170731707317,0.024390243902439,0.1219512195121951,0.048780487804878,0.1463414634146341,0.024390243902439,0.024390243902439,0.024390243902439,0.048780487804878,0.024390243902439,0.024390243902439,0.024390243902439,0.024390243902439,0.024390243902439,0.024390243902439,0.024390243902439,17,2.833213344056216,19,-0.9659258262890684,0.2588190451025203,0.1219512195121951,325.0276736111111,Euro_Africa,Central_Asia,0.060129408,0.5243406,0.3348802,0.080649726
712,1100,Entity 1953,-3.0,0.0453686200378071,0.0472589792060491,0.0264650283553875,0.0283553875236294,0.0207939508506616,0.0094517958412098,0.0283553875236294,0.0321361058601134,0.0264650283553875,0.0264650283553875,0.0321361058601134,0.0567107750472589,0.054820415879017,0.054820415879017,0.0623818525519848,0.052930056710775,0.0586011342155009,0.0775047258979206,0.0434782608695652,0.051039697542533,0.0359168241965973,0.0472589792060491,0.0472589792060491,0.0340264650283553,505,6.22455842927536,4,0.8660254037844386,0.5000000000000001,0.1134215500945179,1313.490625,America,Euro_Africa,0.17292032,0.049862426,0.089892596,0.68732464
867,1805,Entity 2576,1.0,0.0317460317460317,0.0634920634920634,0.1111111111111111,0.1111111111111111,0.0793650793650793,0.0634920634920634,0.0476190476190476,0.0317460317460317,0.0317460317460317,0.0158730158730158,0.0158730158730158,0.0317460317460317,0.0158730158730158,0.0158730158730158,0.0634920634920634,0.0158730158730158,0.0317460317460317,0.0476190476190476,0.0634920634920634,0.0317460317460317,0.0158730158730158,0.0317460317460317,0.0158730158730158,0.0158730158730158,39,3.6635616461296463,11,0.258819045102521,-0.9659258262890682,0.0952380952380952,1573.52375,Euro_Africa,America,0.617924,0.14936283,0.14806733,0.08464585
1734,4396,Entity 814,8.0,0.0172413793103448,0.0344827586206896,0.0172413793103448,0.0172413793103448,0.1034482758620689,0.0517241379310344,0.0517241379310344,0.0172413793103448,0.0689655172413793,0.0517241379310344,0.0862068965517241,0.0172413793103448,0.0862068965517241,0.0344827586206896,0.0862068965517241,0.0344827586206896,0.0344827586206896,0.0689655172413793,0.0172413793103448,0.0172413793103448,0.0344827586206896,0.0172413793103448,0.0172413793103448,0.0172413793103448,34,3.5263605246161616,20,-0.8660254037844386,0.5000000000000001,0.1034482758620689,705.698113425926,East_Asia_Pac,Central_Asia,0.061992843,0.50708675,0.33488923,0.096031174
1540,4137,Entity 648,2.0,0.0232558139534883,0.0116279069767441,0.0116279069767441,0.0116279069767441,0.0116279069767441,0.0813953488372093,0.0232558139534883,0.0348837209302325,0.0348837209302325,0.0116279069767441,0.0581395348837209,0.0465116279069767,0.0581395348837209,0.0232558139534883,0.0465116279069767,0.0697674418604651,0.0697674418604651,0.127906976744186,0.1046511627906976,0.0581395348837209,0.0116279069767441,0.0116279069767441,0.0116279069767441,0.0465116279069767,62,4.127134385045092,2,0.4999999999999999,0.8660254037844387,0.0697674418604651,734.4925694444445,Euro_Africa,Euro_Africa,0.12691827,0.29358873,0.14440298,0.43509004
1927,4669,Entity 987,1.0,0.0188679245283018,0.0188679245283018,0.0377358490566037,0.0188679245283018,0.0188679245283018,0.0188679245283018,0.0188679245283018,0.0188679245283018,0.0188679245283018,0.0754716981132075,0.0754716981132075,0.0566037735849056,0.0377358490566037,0.0754716981132075,0.0566037735849056,0.0566037735849056,0.0188679245283018,0.0377358490566037,0.0566037735849056,0.0566037735849056,0.0377358490566037,0.0754716981132075,0.0188679245283018,0.0754716981132075,29,3.367295829986474,5,0.9659258262890684,0.2588190451025207,0.0943396226415094,788.3378819444445,Euro_Africa,Euro_Africa,0.09546348,0.13453169,0.09249939,0.67750543
1352,3874,Entity 475,2.0,0.0085470085470085,0.0085470085470085,0.0085470085470085,0.0085470085470085,0.017094017094017,0.1111111111111111,0.1111111111111111,0.017094017094017,0.0598290598290598,0.017094017094017,0.0427350427350427,0.0085470085470085,0.0341880341880341,0.0085470085470085,0.0427350427350427,0.0256410256410256,0.0427350427350427,0.0769230769230769,0.1025641025641025,0.1025641025641025,0.0769230769230769,0.017094017094017,0.0256410256410256,0.0256410256410256,93,4.532599493153256,2,0.4999999999999999,0.8660254037844387,0.0512820512820512,2129.9733449074074,Euro_Africa,Central_Asia,0.18446748,0.3874963,0.0624282,0.36560807
20,28,Entity 10180,7.0,0.024390243902439,0.008130081300813,0.016260162601626,0.048780487804878,0.032520325203252,0.032520325203252,0.065040650406504,0.056910569105691,0.056910569105691,0.056910569105691,0.056910569105691,0.040650406504065,0.073170731707317,0.032520325203252,0.040650406504065,0.048780487804878,0.024390243902439,0.056910569105691,0.08130081300813,0.024390243902439,0.032520325203252,0.040650406504065,0.008130081300813,0.040650406504065,99,4.59511985013459,0,0.0,1.0,0.0975609756097561,1036.474988425926,East_Asia_Pac,Euro_Africa,0.12653305,0.30864894,0.18038143,0.3844366
825,1614,Entity 2426,1.0,0.0512820512820512,0.0512820512820512,0.0512820512820512,0.0256410256410256,0.0256410256410256,0.0256410256410256,0.0256410256410256,0.0256410256410256,0.0256410256410256,0.0512820512820512,0.0512820512820512,0.0256410256410256,0.0256410256410256,0.1025641025641025,0.0512820512820512,0.0256410256410256,0.0512820512820512,0.0256410256410256,0.0256410256410256,0.0512820512820512,0.0256410256410256,0.0512820512820512,0.0769230769230769,0.0512820512820512,15,2.70805020110221,5,0.9659258262890684,0.2588190451025207,0.1282051282051282,1757.0981828703705,Euro_Africa,Euro_Africa,0.33402225,0.03631171,0.14197272,0.4876933
1892,4613,Entity 9511,-5.0,0.0147058823529411,0.0294117647058823,0.0147058823529411,0.0588235294117647,0.0147058823529411,0.1029411764705882,0.0147058823529411,0.0147058823529411,0.0147058823529411,0.0294117647058823,0.0147058823529411,0.0147058823529411,0.0147058823529411,0.0147058823529411,0.0147058823529411,0.0147058823529411,0.0735294117647058,0.0735294117647058,0.0735294117647058,0.0294117647058823,0.2205882352941176,0.0294117647058823,0.0441176470588235,0.0588235294117647,44,3.784189633918261,12,1.2246467991473532e-16,-1.0,0.0735294117647058,1463.287824074074,America,America,0.54454875,0.07303373,0.09179007,0.29062742
1421,3969,Entity 537,1.0,0.0666666666666666,0.0333333333333333,0.0333333333333333,0.0333333333333333,0.0222222222222222,0.0222222222222222,0.0111111111111111,0.0333333333333333,0.0222222222222222,0.0555555555555555,0.1,0.0444444444444444,0.0777777777777777,0.0333333333333333,0.0777777777777777,0.0777777777777777,0.0444444444444444,0.0333333333333333,0.0111111111111111,0.0444444444444444,0.0555555555555555,0.0222222222222222,0.0111111111111111,0.0333333333333333,66,4.189654742026425,6,1.0,6.123233995736766e-17,0.1111111111111111,2339.6127083333336,Euro_Africa,Euro_Africa,0.12140533,0.15072237,0.2838042,0.4440681
904,1960,Entity 27091,7.0,0.0256410256410256,0.0256410256410256,0.0512820512820512,0.0256410256410256,0.0512820512820512,0.0256410256410256,0.0512820512820512,0.1025641025641025,0.0256410256410256,0.0512820512820512,0.0256410256410256,0.0256410256410256,0.0512820512820512,0.0256410256410256,0.0512820512820512,0.0256410256410256,0.0256410256410256,0.0256410256410256,0.0512820512820512,0.1025641025641025,0.0512820512820512,0.0256410256410256,0.0512820512820512,0.0256410256410256,15,2.70805020110221,23,-0.2588190451025215,0.965925826289068,0.1538461538461538,2254.464375,East_Asia_Pac,America,0.30868798,0.2798184,0.1391674,0.27232623
1535,4130,Entity 641,8.0,0.0202020202020202,0.0606060606060606,0.1111111111111111,0.0202020202020202,0.0101010101010101,0.0101010101010101,0.0303030303030303,0.0404040404040404,0.0606060606060606,0.0101010101010101,0.0909090909090909,0.1717171717171717,0.0808080808080808,0.0505050505050505,0.0404040404040404,0.0404040404040404,0.0101010101010101,0.0404040404040404,0.0505050505050505,0.0101010101010101,0.0101010101010101,0.0101010101010101,0.0101010101010101,0.0101010101010101,75,4.31748811353631,21,-0.7071067811865477,0.7071067811865474,0.0505050505050505,3489.971574074074,East_Asia_Pac,Central_Asia,0.088771135,0.3768804,0.29579085,0.23855762
1322,3835,Entity 4517,8.0,0.0103092783505154,0.0206185567010309,0.134020618556701,0.0721649484536082,0.1752577319587628,0.0927835051546391,0.0206185567010309,0.0618556701030927,0.0309278350515463,0.0103092783505154,0.0206185567010309,0.1752577319587628,0.0206185567010309,0.0412371134020618,0.0103092783505154,0.0206185567010309,0.0103092783505154,0.0103092783505154,0.0103092783505154,0.0103092783505154,0.0103092783505154,0.0103092783505154,0.0103092783505154,0.0103092783505154,73,4.290459441148391,18,-1.0,-1.8369701987210294e-16,0.0515463917525773,110.33013888888888,East_Asia_Pac,East_Asia_Pac,0.095417075,0.273802,0.60057366,0.030207235
485,630,Entity 1538,0.0,0.024390243902439,0.048780487804878,0.024390243902439,0.048780487804878,0.024390243902439,0.024390243902439,0.024390243902439,0.024390243902439,0.024390243902439,0.024390243902439,0.048780487804878,0.024390243902439,0.048780487804878,0.073170731707317,0.048780487804878,0.073170731707317,0.048780487804878,0.024390243902439,0.024390243902439,0.024390243902439,0.073170731707317,0.048780487804878,0.1219512195121951,0.024390243902439,17,2.833213344056216,6,1.0,6.123233995736766e-17,0.1219512195121951,166.7615162037037,Euro_Africa,Euro_Africa,0.25701183,0.13178122,0.15707172,0.45413524
1744,4410,Entity 8212,-5.0,0.0441176470588235,0.0735294117647058,0.0735294117647058,0.088235294117647,0.0441176470588235,0.0441176470588235,0.0441176470588235,0.1029411764705882,0.0588235294117647,0.0147058823529411,0.0147058823529411,0.0147058823529411,0.0147058823529411,0.0147058823529411,0.0147058823529411,0.0147058823529411,0.0294117647058823,0.0147058823529411,0.0294117647058823,0.0441176470588235,0.088235294117647,0.0294117647058823,0.0441176470588235,0.0441176470588235,44,3.784189633918261,11,0.258819045102521,-0.9659258262890682,0.0735294117647058,4936.870810185185,America,America,0.86872804,0.025704646,0.06101003,0.044557285
1206,3581,Entity 427,7.0,0.0172413793103448,0.0603448275862069,0.0862068965517241,0.146551724137931,0.0344827586206896,0.1034482758620689,0.0517241379310344,0.0603448275862069,0.0517241379310344,0.0603448275862069,0.0603448275862069,0.043103448275862,0.0344827586206896,0.0344827586206896,0.0344827586206896,0.0172413793103448,0.0086206896551724,0.0086206896551724,0.0086206896551724,0.0086206896551724,0.0086206896551724,0.0086206896551724,0.0344827586206896,0.0172413793103448,92,4.5217885770490405,18,-1.0,-1.8369701987210294e-16,0.043103448275862,805.0595023148148,East_Asia_Pac,East_Asia_Pac,0.072858065,0.20178494,0.667436,0.057920963
66,80,Entity 1059,3.0,0.0545454545454545,0.0181818181818181,0.0181818181818181,0.0363636363636363,0.0727272727272727,0.0181818181818181,0.0363636363636363,0.0545454545454545,0.0181818181818181,0.0545454545454545,0.0181818181818181,0.0545454545454545,0.1272727272727272,0.0727272727272727,0.0727272727272727,0.0363636363636363,0.0181818181818181,0.0363636363636363,0.0181818181818181,0.0363636363636363,0.0181818181818181,0.0363636363636363,0.0363636363636363,0.0363636363636363,31,3.4339872044851463,18,-1.0,-1.8369701987210294e-16,0.1272727272727272,1073.0432175925926,Euro_Africa,Euro_Africa,0.2729912,0.10301746,0.28825936,0.33573195
1545,4143,Entity 650,5.5,0.0092592592592592,0.037037037037037,0.0462962962962962,0.0925925925925925,0.0185185185185185,0.0462962962962962,0.0277777777777777,0.0648148148148148,0.0462962962962962,0.0277777777777777,0.0092592592592592,0.0277777777777777,0.0555555555555555,0.0185185185185185,0.0277777777777777,0.1296296296296296,0.0555555555555555,0.0555555555555555,0.1018518518518518,0.0648148148148148,0.0092592592592592,0.0092592592592592,0.0092592592592592,0.0092592592592592,84,4.430816798843313,22,-0.5000000000000004,0.8660254037844384,0.0462962962962962,64.62393518518519,Central_Asia,Central_Asia,0.0790237,0.5094202,0.31221768,0.09933839
1053,2894,Entity 3516,-5.0,0.0238095238095238,0.0238095238095238,0.0238095238095238,0.0238095238095238,0.0238095238095238,0.0238095238095238,0.0238095238095238,0.0238095238095238,0.1428571428571428,0.0476190476190476,0.0714285714285714,0.0476190476190476,0.0952380952380952,0.0476190476190476,0.0476190476190476,0.0714285714285714,0.0238095238095238,0.0238095238095238,0.0238095238095238,0.0238095238095238,0.0476190476190476,0.0476190476190476,0.0238095238095238,0.0238095238095238,18,2.8903717578961645,2,0.4999999999999999,0.8660254037844387,0.119047619047619,1619.9647685185184,America,Euro_Africa,0.034741938,0.14300722,0.06936913,0.7528817
1410,3949,Entity 524,5.5,0.0111111111111111,0.0222222222222222,0.1111111111111111,0.0444444444444444,0.1,0.0333333333333333,0.0111111111111111,0.0222222222222222,0.0333333333333333,0.0333333333333333,0.0444444444444444,0.1,0.0333333333333333,0.0444444444444444,0.0555555555555555,0.0666666666666666,0.1111111111111111,0.0555555555555555,0.0111111111111111,0.0111111111111111,0.0111111111111111,0.0111111111111111,0.0111111111111111,0.0111111111111111,66,4.189654742026425,20,-0.8660254037844386,0.5000000000000001,0.0555555555555555,743.1124652777778,Central_Asia,Central_Asia,0.043243024,0.5560032,0.34488326,0.0558705
431,558,Entity 1478,-5.0,0.0232558139534883,0.0697674418604651,0.0232558139534883,0.0930232558139534,0.0232558139534883,0.0465116279069767,0.0465116279069767,0.0232558139534883,0.0232558139534883,0.0232558139534883,0.0232558139534883,0.0465116279069767,0.0232558139534883,0.0465116279069767,0.0232558139534883,0.0465116279069767,0.0465116279069767,0.0697674418604651,0.0465116279069767,0.0232558139534883,0.0697674418604651,0.0465116279069767,0.0465116279069767,0.0465116279069767,19,2.9444389791664403,8,0.8660254037844387,-0.4999999999999998,0.1395348837209302,231.18626157407408,America,America,0.58373106,0.099276535,0.095307834,0.22168456
74,93,Entity 1069,0.0,0.0188679245283018,0.0377358490566037,0.0188679245283018,0.0188679245283018,0.0188679245283018,0.0188679245283018,0.0377358490566037,0.0188679245283018,0.0188679245283018,0.0377358490566037,0.0566037735849056,0.1320754716981132,0.0566037735849056,0.1320754716981132,0.0377358490566037,0.1320754716981132,0.0377358490566037,0.0566037735849056,0.0188679245283018,0.0188679245283018,0.0188679245283018,0.0188679245283018,0.0188679245283018,0.0188679245283018,29,3.367295829986474,20,-0.8660254037844386,0.5000000000000001,0.0943396226415094,172.07858796296296,Euro_Africa,East_Asia_Pac,0.04338133,0.23492289,0.5136214,0.20807439
434,563,Entity 14801,7.0,0.0153846153846153,0.0307692307692307,0.0307692307692307,0.0307692307692307,0.0153846153846153,0.0153846153846153,0.0153846153846153,0.0307692307692307,0.0615384615384615,0.0307692307692307,0.0153846153846153,0.0153846153846153,0.0307692307692307,0.1076923076923077,0.1384615384615384,0.0769230769230769,0.1538461538461538,0.0461538461538461,0.0307692307692307,0.0153846153846153,0.0153846153846153,0.0153846153846153,0.0153846153846153,0.0461538461538461,41,3.713572066704308,20,-0.8660254037844386,0.5000000000000001,0.0923076923076923,2403.7942939814816,East_Asia_Pac,East_Asia_Pac,0.13302399,0.24547997,0.41327325,0.20822276
1390,3924,Entity 506,8.0,0.0175438596491228,0.0350877192982456,0.0175438596491228,0.087719298245614,0.0701754385964912,0.0350877192982456,0.0526315789473684,0.0350877192982456,0.0526315789473684,0.0701754385964912,0.087719298245614,0.0350877192982456,0.0350877192982456,0.0526315789473684,0.0350877192982456,0.0350877192982456,0.0350877192982456,0.0175438596491228,0.0350877192982456,0.0175438596491228,0.0350877192982456,0.0526315789473684,0.0350877192982456,0.0175438596491228,33,3.49650756146648,0,0.0,1.0,0.1228070175438596,2050.638784722222,East_Asia_Pac,East_Asia_Pac,0.2070764,0.26907367,0.2830962,0.24075373
329,422,Entity 1357,5.5,0.0476190476190476,0.0476190476190476,0.0476190476190476,0.0476190476190476,0.0238095238095238,0.0238095238095238,0.0476190476190476,0.0238095238095238,0.0238095238095238,0.0238095238095238,0.0476190476190476,0.0714285714285714,0.0476190476190476,0.0714285714285714,0.0476190476190476,0.0476190476190476,0.119047619047619,0.0238095238095238,0.0476190476190476,0.0238095238095238,0.0238095238095238,0.0238095238095238,0.0238095238095238,0.0238095238095238,18,2.8903717578961645,21,-0.7071067811865477,0.7071067811865474,0.119047619047619,62.449560185185184,Central_Asia,East_Asia_Pac,0.111903325,0.29325926,0.46725726,0.1275801
1021,2672,Entity 3298,1.0,0.0222222222222222,0.0222222222222222,0.0222222222222222,0.0222222222222222,0.0222222222222222,0.0222222222222222,0.0222222222222222,0.0222222222222222,0.0444444444444444,0.0444444444444444,0.0222222222222222,0.0222222222222222,0.2444444444444444,0.1111111111111111,0.0444444444444444,0.0666666666666666,0.0222222222222222,0.0222222222222222,0.0222222222222222,0.0222222222222222,0.0222222222222222,0.0222222222222222,0.0222222222222222,0.0666666666666666,21,3.044522437723423,2,0.4999999999999999,0.8660254037844387,0.1111111111111111,65.16277777777778,Euro_Africa,East_Asia_Pac,0.074402556,0.15910554,0.49909103,0.26740086
321,413,Entity 1348,8.0,0.0227272727272727,0.0227272727272727,0.0227272727272727,0.0227272727272727,0.0454545454545454,0.0454545454545454,0.0681818181818181,0.0227272727272727,0.0909090909090909,0.0454545454545454,0.0909090909090909,0.0227272727272727,0.0454545454545454,0.0454545454545454,0.0227272727272727,0.0454545454545454,0.0227272727272727,0.1136363636363636,0.0681818181818181,0.0227272727272727,0.0227272727272727,0.0227272727272727,0.0227272727272727,0.0227272727272727,20,2.995732273553991,21,-0.7071067811865477,0.7071067811865474,0.1136363636363636,2981.3270023148148,East_Asia_Pac,Central_Asia,0.038766995,0.75766313,0.12220004,0.081369825
234,286,Entity 1235,1.0,0.0185185185185185,0.0185185185185185,0.0185185185185185,0.0185185185185185,0.0185185185185185,0.0185185185185185,0.0185185185185185,0.037037037037037,0.037037037037037,0.0555555555555555,0.0555555555555555,0.0555555555555555,0.0555555555555555,0.074074074074074,0.037037037037037,0.0555555555555555,0.037037037037037,0.0555555555555555,0.037037037037037,0.0925925925925925,0.037037037037037,0.074074074074074,0.037037037037037,0.037037037037037,30,3.4011973816621555,2,0.4999999999999999,0.8660254037844387,0.0925925925925925,2361.082789351852,Euro_Africa,Euro_Africa,0.042181958,0.052933764,0.04386878,0.8610155
175,214,Entity 117,-8.0,0.0417827298050139,0.0654596100278551,0.0626740947075208,0.1155988857938718,0.0383008356545961,0.0682451253481894,0.0466573816155988,0.0459610027855153,0.0250696378830083,0.0132311977715877,0.0146239554317548,0.0055710306406685,0.0243732590529247,0.0139275766016713,0.0327298050139275,0.0703342618384401,0.0369080779944289,0.0243732590529247,0.0466573816155988,0.0229805013927576,0.0188022284122562,0.08008356545961,0.0445682451253481,0.0410863509749303,1412,7.252762418053187,11,0.258819045102521,-0.9659258262890682,0.0717270194986072,1223.796724537037,America,America,0.82672864,0.032030996,0.08408318,0.057157174
1803,4489,Entity 874,-5.0,0.0967741935483871,0.0080645161290322,0.0161290322580645,0.0161290322580645,0.032258064516129,0.1532258064516129,0.1612903225806451,0.0241935483870967,0.0806451612903225,0.032258064516129,0.0161290322580645,0.0241935483870967,0.0161290322580645,0.0080645161290322,0.0161290322580645,0.0080645161290322,0.0241935483870967,0.032258064516129,0.0161290322580645,0.0241935483870967,0.0161290322580645,0.032258064516129,0.0806451612903225,0.064516129032258,100,4.605170185988092,13,-0.2588190451025208,-0.9659258262890684,0.0725806451612903,306.79716435185185,America,America,0.43453252,0.068946436,0.26048234,0.2360387
1718,4376,Entity 803,-7.0,0.0518518518518518,0.0888888888888888,0.037037037037037,0.037037037037037,0.0666666666666666,0.037037037037037,0.0148148148148148,0.0222222222222222,0.0222222222222222,0.037037037037037,0.0074074074074074,0.0222222222222222,0.0148148148148148,0.0148148148148148,0.0222222222222222,0.0222222222222222,0.0666666666666666,0.0444444444444444,0.074074074074074,0.0518518518518518,0.0518518518518518,0.0592592592592592,0.0592592592592592,0.074074074074074,111,4.709530201312334,12,1.2246467991473532e-16,-1.0,0.0814814814814814,1144.3566203703704,America,America,0.8196619,0.03507645,0.052652776,0.09260882
1075,3077,Entity 37,5.5,0.0067024128686327,0.0053619302949061,0.0254691689008042,0.03485254691689,0.0723860589812332,0.0415549597855227,0.0938337801608579,0.0656836461126005,0.064343163538874,0.0442359249329758,0.067024128686327,0.0589812332439678,0.0898123324396782,0.0455764075067024,0.0750670241286863,0.0616621983914209,0.0442359249329758,0.0455764075067024,0.032171581769437,0.0120643431635388,0.0053619302949061,0.0013404825737265,0.0040214477211796,0.002680965147453,722,6.582025138892826,22,-0.5000000000000004,0.8660254037844384,0.0201072386058981,1972.476828703704,Central_Asia,Central_Asia,0.029710291,0.7209857,0.20307726,0.046226736
457,594,Entity 1506,8.0,0.0238095238095238,0.119047619047619,0.0714285714285714,0.0476190476190476,0.0238095238095238,0.0238095238095238,0.0238095238095238,0.0476190476190476,0.0238095238095238,0.0476190476190476,0.0714285714285714,0.0238095238095238,0.119047619047619,0.0238095238095238,0.0238095238095238,0.0714285714285714,0.0476190476190476,0.0238095238095238,0.0238095238095238,0.0238095238095238,0.0238095238095238,0.0238095238095238,0.0238095238095238,0.0238095238095238,18,2.8903717578961645,19,-0.9659258262890684,0.2588190451025203,0.119047619047619,118.55984953703704,East_Asia_Pac,East_Asia_Pac,0.06747596,0.2391599,0.60302585,0.09033832
1366,3893,Entity 485,7.0,0.0101010101010101,0.0202020202020202,0.0505050505050505,0.0505050505050505,0.1212121212121212,0.1313131313131313,0.1616161616161616,0.0909090909090909,0.0808080808080808,0.0808080808080808,0.0101010101010101,0.0101010101010101,0.0101010101010101,0.0101010101010101,0.0101010101010101,0.0303030303030303,0.0404040404040404,0.0101010101010101,0.0202020202020202,0.0101010101010101,0.0101010101010101,0.0101010101010101,0.0101010101010101,0.0101010101010101,75,4.31748811353631,12,1.2246467991473532e-16,-1.0,0.0505050505050505,2085.713912037037,East_Asia_Pac,East_Asia_Pac,0.06520625,0.40929344,0.48783082,0.037669457
1595,4208,Entity 697,-5.0,0.0606060606060606,0.0454545454545454,0.0303030303030303,0.0303030303030303,0.0757575757575757,0.0303030303030303,0.0151515151515151,0.0151515151515151,0.0454545454545454,0.0303030303030303,0.0303030303030303,0.0151515151515151,0.0606060606060606,0.0151515151515151,0.0757575757575757,0.0757575757575757,0.0303030303030303,0.0303030303030303,0.0303030303030303,0.0454545454545454,0.0303030303030303,0.0303030303030303,0.1363636363636363,0.0151515151515151,42,3.737669618283368,7,0.9659258262890684,-0.2588190451025206,0.1363636363636363,246.67587962962963,America,America,0.5321734,0.1063247,0.20252089,0.15898101
1407,3945,Entity 520,8.0,0.0150375939849624,0.0150375939849624,0.0150375939849624,0.037593984962406,0.0451127819548872,0.037593984962406,0.1428571428571428,0.037593984962406,0.0300751879699248,0.0526315789473684,0.0451127819548872,0.0977443609022556,0.112781954887218,0.0300751879699248,0.075187969924812,0.0150375939849624,0.0300751879699248,0.0300751879699248,0.0676691729323308,0.0225563909774436,0.0075187969924812,0.0075187969924812,0.0075187969924812,0.0225563909774436,109,4.691347882229144,22,-0.5000000000000004,0.8660254037844384,0.0601503759398496,106.81409722222222,East_Asia_Pac,Central_Asia,0.030372674,0.6868959,0.22229818,0.060433254
1190,3549,Entity 424,5.5,0.0194174757281553,0.0097087378640776,0.0097087378640776,0.0194174757281553,0.0097087378640776,0.0776699029126213,0.2427184466019417,0.058252427184466,0.0194174757281553,0.0776699029126213,0.0485436893203883,0.0970873786407767,0.058252427184466,0.0388349514563106,0.0097087378640776,0.0097087378640776,0.029126213592233,0.058252427184466,0.0485436893203883,0.0097087378640776,0.0097087378640776,0.0097087378640776,0.0097087378640776,0.0194174757281553,79,4.3694478524670215,21,-0.7071067811865477,0.7071067811865474,0.058252427184466,561.6781597222222,Central_Asia,Central_Asia,0.03583328,0.6576959,0.1853524,0.12111842
565,765,Entity 1656,5.5,0.0238095238095238,0.0238095238095238,0.0952380952380952,0.0714285714285714,0.0476190476190476,0.0238095238095238,0.0238095238095238,0.0476190476190476,0.0238095238095238,0.0238095238095238,0.0238095238095238,0.0476190476190476,0.0238095238095238,0.0952380952380952,0.0238095238095238,0.0238095238095238,0.1428571428571428,0.0476190476190476,0.0476190476190476,0.0238095238095238,0.0238095238095238,0.0238095238095238,0.0238095238095238,0.0238095238095238,18,2.8903717578961645,21,-0.7071067811865477,0.7071067811865474,0.119047619047619,128.01150462962963,Central_Asia,Central_Asia,0.09402848,0.603981,0.24590306,0.05608742
558,755,Entity 1649,7.0,0.0238095238095238,0.0238095238095238,0.0714285714285714,0.0476190476190476,0.0476190476190476,0.0238095238095238,0.0476190476190476,0.0238095238095238,0.0476190476190476,0.1428571428571428,0.0476190476190476,0.0238095238095238,0.0238095238095238,0.0476190476190476,0.0238095238095238,0.0714285714285714,0.0714285714285714,0.0238095238095238,0.0238095238095238,0.0238095238095238,0.0238095238095238,0.0476190476190476,0.0238095238095238,0.0238095238095238,18,2.8903717578961645,19,-0.9659258262890684,0.2588190451025203,0.1428571428571428,427.8019212962963,East_Asia_Pac,Central_Asia,0.13399008,0.40058482,0.35360807,0.111817054
981,2424,Entity 3055,7.0,0.0386740331491712,0.0773480662983425,0.0773480662983425,0.0497237569060773,0.0386740331491712,0.0441988950276243,0.0331491712707182,0.0386740331491712,0.0220994475138121,0.0331491712707182,0.011049723756906,0.0441988950276243,0.0828729281767955,0.0497237569060773,0.0718232044198895,0.0220994475138121,0.0607734806629834,0.0331491712707182,0.0386740331491712,0.0165745856353591,0.005524861878453,0.0165745856353591,0.0276243093922651,0.0662983425414364,157,5.056245805348308,20,-0.8660254037844386,0.5000000000000001,0.1049723756906077,2204.380763888889,East_Asia_Pac,East_Asia_Pac,0.24519968,0.13936907,0.49572173,0.11970953
766,1333,Entity 2168,-6.0,0.0123456790123456,0.0864197530864197,0.037037037037037,0.037037037037037,0.0246913580246913,0.037037037037037,0.0246913580246913,0.0246913580246913,0.0246913580246913,0.0123456790123456,0.0246913580246913,0.0123456790123456,0.0246913580246913,0.0493827160493827,0.037037037037037,0.0246913580246913,0.037037037037037,0.0493827160493827,0.0987654320987654,0.0493827160493827,0.0617283950617283,0.0493827160493827,0.0246913580246913,0.1358024691358024,57,4.04305126783455,9,0.7071067811865476,-0.7071067811865475,0.0987654320987654,477.86939814814815,America,America,0.7852529,0.050479025,0.046333037,0.11793506
845,1707,Entity 250,0.0,0.1221374045801526,0.0610687022900763,0.0381679389312977,0.0534351145038167,0.0458015267175572,0.0305343511450381,0.0229007633587786,0.0076335877862595,0.0229007633587786,0.015267175572519,0.0229007633587786,0.0534351145038167,0.0305343511450381,0.0305343511450381,0.0381679389312977,0.0458015267175572,0.0534351145038167,0.0229007633587786,0.0305343511450381,0.0305343511450381,0.0305343511450381,0.0381679389312977,0.0534351145038167,0.099236641221374,107,4.672828834461906,8,0.8660254037844387,-0.4999999999999998,0.0916030534351145,1972.7722685185183,Euro_Africa,America,0.7907317,0.032076888,0.09165786,0.08553355
698,1050,Entity 1907,1.0,0.025,0.05,0.025,0.025,0.025,0.05,0.025,0.1,0.025,0.025,0.05,0.025,0.05,0.025,0.025,0.075,0.05,0.025,0.15,0.025,0.025,0.025,0.05,0.025,16,2.772588722239781,4,0.8660254037844386,0.5000000000000001,0.15,3074.916724537037,Euro_Africa,East_Asia_Pac,0.19849676,0.22777495,0.28840435,0.28532395
1773,4447,Entity 845,-5.0,0.0555555555555555,0.037037037037037,0.0555555555555555,0.0185185185185185,0.0185185185185185,0.037037037037037,0.0185185185185185,0.037037037037037,0.037037037037037,0.037037037037037,0.037037037037037,0.037037037037037,0.0185185185185185,0.037037037037037,0.0555555555555555,0.0185185185185185,0.0555555555555555,0.037037037037037,0.074074074074074,0.0925925925925925,0.0555555555555555,0.037037037037037,0.037037037037037,0.0555555555555555,30,3.4011973816621555,5,0.9659258262890684,0.2588190451025207,0.1296296296296296,770.0654050925926,America,Euro_Africa,0.3165382,0.055841222,0.07842302,0.54919755
59,72,Entity 105,7.0,0.0153256704980842,0.1149425287356321,0.0689655172413793,0.0459770114942528,0.0421455938697318,0.1034482758620689,0.0306513409961685,0.0459770114942528,0.0229885057471264,0.0383141762452107,0.0306513409961685,0.0842911877394636,0.057471264367816,0.053639846743295,0.0498084291187739,0.0459770114942528,0.0344827586206896,0.0344827586206896,0.0268199233716475,0.0076628352490421,0.0076628352490421,0.0114942528735632,0.0191570881226053,0.0076628352490421,237,5.468060141135132,21,-0.7071067811865477,0.7071067811865474,0.053639846743295,2401.090810185185,East_Asia_Pac,East_Asia_Pac,0.054372106,0.42879614,0.4312156,0.08561618
109,134,Entity 1101,8.0,0.123076923076923,0.0615384615384615,0.0153846153846153,0.0153846153846153,0.0769230769230769,0.0307692307692307,0.0461538461538461,0.0153846153846153,0.0153846153846153,0.0153846153846153,0.0153846153846153,0.0307692307692307,0.0615384615384615,0.0307692307692307,0.0153846153846153,0.0153846153846153,0.0153846153846153,0.0461538461538461,0.0461538461538461,0.0461538461538461,0.1384615384615384,0.0307692307692307,0.0615384615384615,0.0307692307692307,41,3.713572066704308,9,0.7071067811865476,-0.7071067811865475,0.0923076923076923,142.8906712962963,East_Asia_Pac,America,0.74060714,0.029624656,0.058432978,0.17133524
1033,2757,Entity 3383,-3.0,0.1111111111111111,0.0222222222222222,0.0222222222222222,0.0444444444444444,0.0666666666666666,0.0444444444444444,0.0222222222222222,0.0666666666666666,0.0222222222222222,0.0222222222222222,0.0222222222222222,0.0222222222222222,0.0222222222222222,0.0444444444444444,0.0222222222222222,0.0888888888888888,0.0222222222222222,0.0666666666666666,0.0444444444444444,0.0444444444444444,0.0444444444444444,0.0222222222222222,0.0666666666666666,0.0222222222222222,21,3.044522437723423,10,0.4999999999999999,-0.8660254037844387,0.1111111111111111,491.8586342592593,America,America,0.49805045,0.28597876,0.1094588,0.10651192
613,841,Entity 1726,2.0,0.0714285714285714,0.0238095238095238,0.0238095238095238,0.0238095238095238,0.0238095238095238,0.0238095238095238,0.0476190476190476,0.0238095238095238,0.0476190476190476,0.0714285714285714,0.0476190476190476,0.0714285714285714,0.0714285714285714,0.0238095238095238,0.0476190476190476,0.0714285714285714,0.0476190476190476,0.0238095238095238,0.0238095238095238,0.0476190476190476,0.0714285714285714,0.0238095238095238,0.0238095238095238,0.0238095238095238,18,2.8903717578961645,3,0.7071067811865475,0.7071067811865476,0.119047619047619,965.6184722222222,Euro_Africa,Euro_Africa,0.04976556,0.2922181,0.12117009,0.5368463
1264,3710,Entity 4395,1.0,0.0112359550561797,0.0112359550561797,0.0112359550561797,0.0112359550561797,0.0224719101123595,0.0112359550561797,0.0112359550561797,0.0112359550561797,0.0112359550561797,0.0337078651685393,0.0449438202247191,0.0337078651685393,0.1011235955056179,0.0674157303370786,0.0337078651685393,0.0674157303370786,0.0786516853932584,0.1123595505617977,0.0786516853932584,0.0224719101123595,0.0224719101123595,0.0786516853932584,0.0561797752808988,0.0561797752808988,65,4.174387269895637,2,0.4999999999999999,0.8660254037844387,0.0674157303370786,1834.9975810185183,Euro_Africa,Euro_Africa,0.061837446,0.05396896,0.046030555,0.838163
599,820,Entity 1705,2.0,0.024390243902439,0.024390243902439,0.024390243902439,0.024390243902439,0.024390243902439,0.024390243902439,0.048780487804878,0.048780487804878,0.048780487804878,0.073170731707317,0.0975609756097561,0.048780487804878,0.048780487804878,0.024390243902439,0.048780487804878,0.024390243902439,0.048780487804878,0.0975609756097561,0.073170731707317,0.024390243902439,0.024390243902439,0.024390243902439,0.024390243902439,0.024390243902439,17,2.833213344056216,2,0.4999999999999999,0.8660254037844387,0.1219512195121951,58.66789351851852,Euro_Africa,Central_Asia,0.031727273,0.6804392,0.15333197,0.13450155
606,829,Entity 1714,7.0,0.025,0.025,0.175,0.025,0.025,0.025,0.025,0.025,0.025,0.05,0.05,0.05,0.1,0.025,0.025,0.05,0.025,0.025,0.05,0.075,0.025,0.025,0.025,0.025,16,2.772588722239781,5,0.9659258262890684,0.2588190451025207,0.125,24.141875,East_Asia_Pac,Central_Asia,0.09017384,0.41295582,0.27907073,0.21779963
1670,4314,Entity 768,7.0,0.0277777777777777,0.1527777777777778,0.0555555555555555,0.0972222222222222,0.0277777777777777,0.0555555555555555,0.0833333333333333,0.0555555555555555,0.0277777777777777,0.0138888888888888,0.0138888888888888,0.0277777777777777,0.0277777777777777,0.0416666666666666,0.0694444444444444,0.0694444444444444,0.0138888888888888,0.0277777777777777,0.0138888888888888,0.0138888888888888,0.0138888888888888,0.0138888888888888,0.0138888888888888,0.0416666666666666,48,3.871201010907891,20,-0.8660254037844386,0.5000000000000001,0.0694444444444444,301.5112731481481,East_Asia_Pac,East_Asia_Pac,0.19929357,0.0919638,0.6649118,0.043830782
1334,3851,Entity 46,5.5,0.0121212121212121,0.0282828282828282,0.0505050505050505,0.0505050505050505,0.0646464646464646,0.0888888888888888,0.0646464646464646,0.0343434343434343,0.0626262626262626,0.0404040404040404,0.0444444444444444,0.0565656565656565,0.0666666666666666,0.0606060606060606,0.0525252525252525,0.0565656565656565,0.0464646464646464,0.0565656565656565,0.0222222222222222,0.0101010101010101,0.0101010101010101,0.006060606060606,0.004040404040404,0.0101010101010101,471,6.154858094016418,21,-0.7071067811865477,0.7071067811865474,0.0404040404040404,3505.401863425926,Central_Asia,Central_Asia,0.029767696,0.5248352,0.40643743,0.038959652
1708,4365,Entity 793,-5.0,0.1162790697674418,0.0930232558139534,0.0465116279069767,0.0232558139534883,0.0232558139534883,0.0465116279069767,0.0232558139534883,0.0232558139534883,0.0232558139534883,0.0465116279069767,0.0232558139534883,0.0232558139534883,0.0697674418604651,0.0232558139534883,0.0232558139534883,0.0232558139534883,0.0232558139534883,0.0232558139534883,0.0232558139534883,0.0465116279069767,0.0930232558139534,0.0465116279069767,0.0465116279069767,0.0465116279069767,19,2.9444389791664403,15,-0.7071067811865471,-0.7071067811865479,0.1162790697674418,1430.5359837962965,America,America,0.5646119,0.03843318,0.09308126,0.30387366
269,333,Entity 1278,0.0,0.0131578947368421,0.0131578947368421,0.0131578947368421,0.0131578947368421,0.0131578947368421,0.0131578947368421,0.0131578947368421,0.0131578947368421,0.0131578947368421,0.0263157894736842,0.0921052631578947,0.0394736842105263,0.0394736842105263,0.0921052631578947,0.0526315789473684,0.0394736842105263,0.0657894736842105,0.0921052631578947,0.0394736842105263,0.0394736842105263,0.0657894736842105,0.1052631578947368,0.0394736842105263,0.0526315789473684,52,3.951243718581428,2,0.4999999999999999,0.8660254037844387,0.0657894736842105,1321.812002314815,Euro_Africa,Euro_Africa,0.04268858,0.03834654,0.023280093,0.8956847
879,1844,Entity 2611,-5.0,0.0256410256410256,0.0256410256410256,0.0256410256410256,0.0769230769230769,0.0256410256410256,0.0512820512820512,0.0256410256410256,0.0256410256410256,0.0256410256410256,0.0256410256410256,0.0256410256410256,0.0256410256410256,0.0256410256410256,0.0256410256410256,0.0256410256410256,0.0256410256410256,0.0512820512820512,0.0256410256410256,0.0769230769230769,0.0769230769230769,0.0769230769230769,0.0769230769230769,0.1025641025641025,0.0256410256410256,15,2.70805020110221,8,0.8660254037844387,-0.4999999999999998,0.1282051282051282,281.7738194444444,America,America,0.43268198,0.17597339,0.10460337,0.28674123
246,304,Entity 125,2.0,0.0105263157894736,0.0105263157894736,0.0210526315789473,0.031578947368421,0.0736842105263157,0.0210526315789473,0.0842105263157894,0.0631578947368421,0.0421052631578947,0.0631578947368421,0.0526315789473684,0.0210526315789473,0.0210526315789473,0.0736842105263157,0.0526315789473684,0.0526315789473684,0.0842105263157894,0.0210526315789473,0.031578947368421,0.0210526315789473,0.0631578947368421,0.031578947368421,0.0421052631578947,0.0105263157894736,71,4.262679877041316,1,0.2588190451025207,0.9659258262890684,0.0842105263157894,1100.3086689814816,Euro_Africa,Euro_Africa,0.15677372,0.3182016,0.14389238,0.38113227
586,791,Entity 1679,7.0,0.024390243902439,0.024390243902439,0.073170731707317,0.024390243902439,0.024390243902439,0.048780487804878,0.0975609756097561,0.048780487804878,0.024390243902439,0.073170731707317,0.073170731707317,0.048780487804878,0.048780487804878,0.1219512195121951,0.024390243902439,0.024390243902439,0.024390243902439,0.024390243902439,0.024390243902439,0.024390243902439,0.024390243902439,0.024390243902439,0.024390243902439,0.024390243902439,17,2.833213344056216,16,-0.8660254037844384,-0.5000000000000004,0.1219512195121951,30.04123842592593,East_Asia_Pac,Central_Asia,0.048957508,0.4863278,0.39267117,0.07204349
320,412,Entity 1347,8.0,0.02,0.02,0.08,0.1,0.16,0.02,0.04,0.08,0.04,0.14,0.02,0.04,0.02,0.02,0.02,0.02,0.02,0.02,0.02,0.02,0.02,0.02,0.02,0.02,26,3.258096538021482,14,-0.4999999999999997,-0.8660254037844388,0.1,45.01320601851852,East_Asia_Pac,East_Asia_Pac,0.049837355,0.28014624,0.63268197,0.037334464
492,642,Entity 1548,8.0,0.0185185185185185,0.0185185185185185,0.0185185185185185,0.0185185185185185,0.0555555555555555,0.0185185185185185,0.0185185185185185,0.037037037037037,0.0185185185185185,0.0185185185185185,0.0185185185185185,0.037037037037037,0.0185185185185185,0.0925925925925925,0.1666666666666666,0.1111111111111111,0.0185185185185185,0.1111111111111111,0.037037037037037,0.074074074074074,0.0185185185185185,0.0185185185185185,0.0185185185185185,0.0185185185185185,30,3.4011973816621555,22,-0.5000000000000004,0.8660254037844384,0.0925925925925925,103.65167824074074,East_Asia_Pac,Central_Asia,0.17875046,0.4804749,0.18036132,0.16041338
1936,4680,Entity 994,8.0,0.0206896551724137,0.0620689655172413,0.0482758620689655,0.0275862068965517,0.0620689655172413,0.0551724137931034,0.0758620689655172,0.0689655172413793,0.0758620689655172,0.0758620689655172,0.0413793103448275,0.0758620689655172,0.0689655172413793,0.0413793103448275,0.0551724137931034,0.0137931034482758,0.0137931034482758,0.0344827586206896,0.0068965517241379,0.0413793103448275,0.0068965517241379,0.0068965517241379,0.0137931034482758,0.0068965517241379,121,4.795790545596741,22,-0.5000000000000004,0.8660254037844384,0.0551724137931034,2607.6002083333333,East_Asia_Pac,Central_Asia,0.055066712,0.5150761,0.3379701,0.09188709
1182,3530,Entity 422,5.5,0.0555555555555555,0.0185185185185185,0.0555555555555555,0.037037037037037,0.0925925925925925,0.0555555555555555,0.037037037037037,0.0925925925925925,0.0185185185185185,0.037037037037037,0.0185185185185185,0.037037037037037,0.037037037037037,0.0185185185185185,0.0185185185185185,0.0555555555555555,0.1111111111111111,0.0555555555555555,0.037037037037037,0.0185185185185185,0.037037037037037,0.0185185185185185,0.0185185185185185,0.0185185185185185,30,3.4011973816621555,21,-0.7071067811865477,0.7071067811865474,0.1111111111111111,313.5381365740741,Central_Asia,Central_Asia,0.13050278,0.42373717,0.3590001,0.08676001
844,1706,Entity 24999,7.0,0.0133333333333333,0.0088888888888888,0.0133333333333333,0.0177777777777777,0.0311111111111111,0.0177777777777777,0.0311111111111111,0.0177777777777777,0.0266666666666666,0.0355555555555555,0.0666666666666666,0.1288888888888889,0.1111111111111111,0.0977777777777777,0.0533333333333333,0.0577777777777777,0.0177777777777777,0.0311111111111111,0.0533333333333333,0.0444444444444444,0.0222222222222222,0.0355555555555555,0.0355555555555555,0.0311111111111111,201,5.303304908059076,1,0.2588190451025207,0.9659258262890684,0.0844444444444444,1856.0757638888888,East_Asia_Pac,Euro_Africa,0.10069288,0.09618764,0.10282027,0.70029926
1330,3845,Entity 455,5.5,0.0285714285714285,0.0285714285714285,0.0285714285714285,0.0666666666666666,0.0571428571428571,0.0380952380952381,0.0952380952380952,0.0761904761904762,0.0666666666666666,0.0571428571428571,0.019047619047619,0.0476190476190476,0.0857142857142857,0.0571428571428571,0.0571428571428571,0.0380952380952381,0.019047619047619,0.0285714285714285,0.0380952380952381,0.0095238095238095,0.019047619047619,0.0095238095238095,0.0095238095238095,0.019047619047619,81,4.394449154672439,21,-0.7071067811865477,0.7071067811865474,0.0666666666666666,245.8079398148148,Central_Asia,East_Asia_Pac,0.06485172,0.4355387,0.44571292,0.05389664
1602,4216,Entity 702,8.0,0.0352941176470588,0.0117647058823529,0.0117647058823529,0.0705882352941176,0.0823529411764705,0.0235294117647058,0.0235294117647058,0.0235294117647058,0.0470588235294117,0.0823529411764705,0.0352941176470588,0.0117647058823529,0.0352941176470588,0.0941176470588235,0.0117647058823529,0.0352941176470588,0.1529411764705882,0.0705882352941176,0.0117647058823529,0.0117647058823529,0.0117647058823529,0.0117647058823529,0.0117647058823529,0.0823529411764705,61,4.110873864173311,20,-0.8660254037844386,0.5000000000000001,0.0588235294117647,116.49564814814816,East_Asia_Pac,East_Asia_Pac,0.13978276,0.1869151,0.5783126,0.09498953
1244,3659,Entity 4344,8.0,0.0125,0.0375,0.05,0.0625,0.0875,0.05,0.0625,0.0125,0.05,0.05,0.025,0.05,0.0625,0.0375,0.0625,0.125,0.05,0.0125,0.025,0.0125,0.0125,0.025,0.0125,0.0125,56,4.02535169073515,21,-0.7071067811865477,0.7071067811865474,0.0749999999999999,87.82693287037037,East_Asia_Pac,East_Asia_Pac,0.057914894,0.19508146,0.7157474,0.031256184
1647,4281,Entity 744,3.0,0.1219512195121951,0.024390243902439,0.048780487804878,0.024390243902439,0.048780487804878,0.048780487804878,0.024390243902439,0.048780487804878,0.024390243902439,0.024390243902439,0.024390243902439,0.024390243902439,0.073170731707317,0.048780487804878,0.024390243902439,0.048780487804878,0.024390243902439,0.024390243902439,0.048780487804878,0.024390243902439,0.073170731707317,0.048780487804878,0.024390243902439,0.048780487804878,17,2.833213344056216,8,0.8660254037844387,-0.4999999999999998,0.1463414634146341,895.1136574074075,Euro_Africa,America,0.46682337,0.13064343,0.11742509,0.28510812
765,1327,Entity 216,0.0,0.0116279069767441,0.0232558139534883,0.0116279069767441,0.0116279069767441,0.0116279069767441,0.0116279069767441,0.0116279069767441,0.0116279069767441,0.0348837209302325,0.0348837209302325,0.0465116279069767,0.0465116279069767,0.0930232558139534,0.0465116279069767,0.0465116279069767,0.0697674418604651,0.0465116279069767,0.0465116279069767,0.0813953488372093,0.0697674418604651,0.0697674418604651,0.0581395348837209,0.0697674418604651,0.0348837209302325,62,4.127134385045092,4,0.8660254037844386,0.5000000000000001,0.0581395348837209,3584.1916782407407,Euro_Africa,Euro_Africa,0.04299303,0.03017714,0.023479337,0.9033505
176,215,Entity 1170,0.0,0.0344827586206896,0.0172413793103448,0.0172413793103448,0.0172413793103448,0.0172413793103448,0.0172413793103448,0.0172413793103448,0.0517241379310344,0.0689655172413793,0.0172413793103448,0.0344827586206896,0.0344827586206896,0.1379310344827586,0.0689655172413793,0.0517241379310344,0.0689655172413793,0.0689655172413793,0.0344827586206896,0.0172413793103448,0.0344827586206896,0.0517241379310344,0.0517241379310344,0.0172413793103448,0.0517241379310344,34,3.5263605246161616,3,0.7071067811865475,0.7071067811865476,0.0862068965517241,405.1201967592593,Euro_Africa,Euro_Africa,0.12940316,0.054318555,0.07182877,0.74444956
1357,3881,Entity 478,8.0,0.0099009900990099,0.0099009900990099,0.0099009900990099,0.0198019801980198,0.0297029702970297,0.0099009900990099,0.0693069306930693,0.1584158415841584,0.1089108910891089,0.0396039603960396,0.0297029702970297,0.0396039603960396,0.0198019801980198,0.1584158415841584,0.0594059405940594,0.1188118811881188,0.0297029702970297,0.0099009900990099,0.0099009900990099,0.0099009900990099,0.0099009900990099,0.0099009900990099,0.0198019801980198,0.0099009900990099,77,4.343805421853684,19,-0.9659258262890684,0.2588190451025203,0.0495049504950495,713.9838425925926,East_Asia_Pac,Central_Asia,0.03782004,0.39553794,0.3824828,0.18415922
1700,4355,Entity 787,5.5,0.0178571428571428,0.0178571428571428,0.0178571428571428,0.0535714285714285,0.1071428571428571,0.1428571428571428,0.0357142857142857,0.0892857142857142,0.1428571428571428,0.0535714285714285,0.0178571428571428,0.0357142857142857,0.0178571428571428,0.0178571428571428,0.0357142857142857,0.0178571428571428,0.0178571428571428,0.0178571428571428,0.0535714285714285,0.0178571428571428,0.0178571428571428,0.0178571428571428,0.0178571428571428,0.0178571428571428,32,3.4657359027997265,21,-0.7071067811865477,0.7071067811865474,0.0892857142857142,163.81525462962964,Central_Asia,East_Asia_Pac,0.060888883,0.42838094,0.44995686,0.06077329
1432,3986,Entity 548,5.5,0.044776119402985,0.0746268656716417,0.0746268656716417,0.044776119402985,0.1044776119402985,0.044776119402985,0.0746268656716417,0.0746268656716417,0.044776119402985,0.0597014925373134,0.0149253731343283,0.0746268656716417,0.0149253731343283,0.0149253731343283,0.0298507462686567,0.0746268656716417,0.0298507462686567,0.0149253731343283,0.0149253731343283,0.0149253731343283,0.0149253731343283,0.0149253731343283,0.0149253731343283,0.0149253731343283,43,3.7612001156935615,19,-0.9659258262890684,0.2588190451025203,0.0746268656716417,250.92813657407407,Central_Asia,East_Asia_Pac,0.08192502,0.16426243,0.7177719,0.036040682
665,962,Entity 183,-5.0,0.0697674418604651,0.0465116279069767,0.0764119601328903,0.0830564784053156,0.0730897009966777,0.0365448504983388,0.0232558139534883,0.0099667774086378,0.0033222591362126,0.0066445182724252,0.0033222591362126,0.0066445182724252,0.0166112956810631,0.0265780730897009,0.0365448504983388,0.0730897009966777,0.0664451827242525,0.0498338870431893,0.0531561461794019,0.0365448504983388,0.0465116279069767,0.0365448504983388,0.0664451827242525,0.0531561461794019,277,5.6240175061873385,9,0.7071067811865476,-0.7071067811865475,0.0299003322259136,4530.6084375,America,America,0.93362194,0.012732828,0.020128377,0.033516888
1129,3406,Entity 4020,1.0,0.0222222222222222,0.0666666666666666,0.0222222222222222,0.0666666666666666,0.0444444444444444,0.0444444444444444,0.0222222222222222,0.0888888888888888,0.0222222222222222,0.0444444444444444,0.0222222222222222,0.0222222222222222,0.0222222222222222,0.0222222222222222,0.0222222222222222,0.0222222222222222,0.0222222222222222,0.0444444444444444,0.0222222222222222,0.0444444444444444,0.0444444444444444,0.1111111111111111,0.1111111111111111,0.0222222222222222,21,3.044522437723423,12,1.2246467991473532e-16,-1.0,0.1111111111111111,327.9375462962963,Euro_Africa,America,0.5790556,0.12814869,0.14234774,0.15044795
1241,3647,Entity 4332,-5.0,0.06875,0.075,0.1,0.11875,0.0125,0.0375,0.025,0.0125,0.01875,0.0125,0.0125,0.0125,0.0125,0.0125,0.0125,0.025,0.05625,0.04375,0.05,0.04375,0.05,0.08125,0.075,0.03125,136,4.912654885736052,11,0.258819045102521,-0.9659258262890682,0.0625,189.5110648148148,America,America,0.91317576,0.014794498,0.02767818,0.0443515
523,696,Entity 1596,-3.0,0.0769230769230769,0.0256410256410256,0.0512820512820512,0.0256410256410256,0.0256410256410256,0.0256410256410256,0.0256410256410256,0.0256410256410256,0.0256410256410256,0.0256410256410256,0.0256410256410256,0.0512820512820512,0.0512820512820512,0.0256410256410256,0.0769230769230769,0.1025641025641025,0.0256410256410256,0.0512820512820512,0.0512820512820512,0.0256410256410256,0.0256410256410256,0.0256410256410256,0.0512820512820512,0.0769230769230769,15,2.70805020110221,5,0.9659258262890684,0.2588190451025207,0.1282051282051282,335.5140509259259,America,Euro_Africa,0.28539142,0.09777899,0.26339188,0.35343775
27,35,Entity 1023,7.0,0.015625,0.140625,0.03125,0.015625,0.046875,0.046875,0.0625,0.0625,0.046875,0.015625,0.15625,0.015625,0.03125,0.015625,0.0625,0.0625,0.03125,0.03125,0.015625,0.015625,0.015625,0.015625,0.015625,0.03125,40,3.688879454113936,20,-0.8660254037844386,0.5000000000000001,0.078125,125.90658564814817,East_Asia_Pac,East_Asia_Pac,0.08791952,0.15796462,0.7086901,0.04542579
388,500,Entity 1427,2.0,0.0188679245283018,0.0188679245283018,0.0377358490566037,0.0188679245283018,0.0188679245283018,0.0377358490566037,0.0754716981132075,0.0943396226415094,0.0754716981132075,0.0566037735849056,0.1132075471698113,0.0377358490566037,0.0566037735849056,0.0566037735849056,0.0566037735849056,0.0377358490566037,0.0566037735849056,0.0188679245283018,0.0188679245283018,0.0188679245283018,0.0188679245283018,0.0188679245283018,0.0188679245283018,0.0188679245283018,29,3.367295829986474,19,-0.9659258262890684,0.2588190451025203,0.0943396226415094,3250.961979166667,Euro_Africa,East_Asia_Pac,0.030170035,0.39524135,0.4737391,0.10084949
772,1372,Entity 2204,1.0,0.0423280423280423,0.0052910052910052,0.0105820105820105,0.0105820105820105,0.0052910052910052,0.0052910052910052,0.0158730158730158,0.0105820105820105,0.0158730158730158,0.0264550264550264,0.0317460317460317,0.0582010582010582,0.0317460317460317,0.0529100529100529,0.0634920634920634,0.0423280423280423,0.0529100529100529,0.0529100529100529,0.0952380952380952,0.0952380952380952,0.1481481481481481,0.0264550264550264,0.0687830687830687,0.0317460317460317,165,5.10594547390058,3,0.7071067811865475,0.7071067811865476,0.037037037037037,4156.811956018519,Euro_Africa,Euro_Africa,0.06182142,0.025599077,0.035740633,0.87683886
1012,2592,Entity 3218,-5.0,0.0163934426229508,0.0327868852459016,0.1147540983606557,0.0655737704918032,0.0327868852459016,0.081967213114754,0.0327868852459016,0.0327868852459016,0.081967213114754,0.0491803278688524,0.0327868852459016,0.0163934426229508,0.0163934426229508,0.0491803278688524,0.0163934426229508,0.0327868852459016,0.0163934426229508,0.0491803278688524,0.0327868852459016,0.0163934426229508,0.0491803278688524,0.0491803278688524,0.0327868852459016,0.0491803278688524,37,3.610917912644224,12,1.2246467991473532e-16,-1.0,0.1311475409836066,574.7382986111111,America,America,0.53766674,0.1014567,0.18312892,0.1777476
1656,4291,Entity 750,8.0,0.0465116279069767,0.0930232558139534,0.1395348837209302,0.0348837209302325,0.1046511627906976,0.0348837209302325,0.0232558139534883,0.0232558139534883,0.0930232558139534,0.0348837209302325,0.0348837209302325,0.0348837209302325,0.0813953488372093,0.0116279069767441,0.0465116279069767,0.0232558139534883,0.0116279069767441,0.0116279069767441,0.0116279069767441,0.0116279069767441,0.0116279069767441,0.0116279069767441,0.0232558139534883,0.0465116279069767,62,4.127134385045092,18,-1.0,-1.8369701987210294e-16,0.0581395348837209,185.9879050925926,East_Asia_Pac,East_Asia_Pac,0.07120147,0.061174534,0.8208498,0.046774223
78,97,Entity 1073,-3.0,0.0909090909090909,0.0681818181818181,0.0227272727272727,0.0681818181818181,0.0227272727272727,0.0227272727272727,0.0227272727272727,0.0454545454545454,0.0227272727272727,0.0227272727272727,0.0227272727272727,0.0227272727272727,0.0454545454545454,0.0681818181818181,0.0227272727272727,0.0681818181818181,0.0454545454545454,0.0681818181818181,0.0227272727272727,0.0227272727272727,0.0454545454545454,0.0454545454545454,0.0681818181818181,0.0227272727272727,20,2.995732273553991,6,1.0,6.123233995736766e-17,0.1363636363636363,3566.6794560185185,America,America,0.4659531,0.07907306,0.10162727,0.35334656
1355,3879,Entity 4766,11.0,0.0314465408805031,0.0377358490566037,0.0251572327044025,0.0628930817610062,0.0440251572327044,0.1069182389937107,0.050314465408805,0.0754716981132075,0.0691823899371069,0.0943396226415094,0.1069182389937107,0.1069182389937107,0.0377358490566037,0.0251572327044025,0.0125786163522012,0.0062893081761006,0.0125786163522012,0.0062893081761006,0.0188679245283018,0.0062893081761006,0.0062893081761006,0.0188679245283018,0.0251572327044025,0.0125786163522012,135,4.90527477843843,17,-0.9659258262890684,-0.2588190451025206,0.050314465408805,4597.382719907408,East_Asia_Pac,East_Asia_Pac,0.06830924,0.17682399,0.69833064,0.05653617
966,2348,Entity 2986,2.0,0.02,0.02,0.02,0.06,0.04,0.02,0.06,0.04,0.06,0.02,0.1,0.04,0.08,0.08,0.02,0.02,0.04,0.06,0.04,0.08,0.02,0.02,0.02,0.02,26,3.258096538021482,22,-0.5000000000000004,0.8660254037844384,0.1,2145.011539351852,Euro_Africa,Central_Asia,0.079589814,0.69341606,0.12505096,0.101943165
108,133,Entity 1100,5.5,0.0163934426229508,0.1147540983606557,0.0163934426229508,0.0327868852459016,0.0327868852459016,0.1147540983606557,0.0655737704918032,0.0163934426229508,0.0491803278688524,0.0655737704918032,0.1147540983606557,0.0655737704918032,0.0655737704918032,0.0163934426229508,0.0327868852459016,0.0491803278688524,0.0163934426229508,0.0163934426229508,0.0163934426229508,0.0163934426229508,0.0163934426229508,0.0163934426229508,0.0163934426229508,0.0163934426229508,37,3.610917912644224,18,-1.0,-1.8369701987210294e-16,0.0819672131147541,387.24375,Central_Asia,East_Asia_Pac,0.05096517,0.26610747,0.6061087,0.07681865
1758,4427,Entity 832,1.0,0.0377358490566037,0.0188679245283018,0.0188679245283018,0.0188679245283018,0.0188679245283018,0.0188679245283018,0.0188679245283018,0.0188679245283018,0.0377358490566037,0.0377358490566037,0.0566037735849056,0.0754716981132075,0.0754716981132075,0.0377358490566037,0.0754716981132075,0.0566037735849056,0.0754716981132075,0.0566037735849056,0.0566037735849056,0.0566037735849056,0.0377358490566037,0.0377358490566037,0.0377358490566037,0.0188679245283018,29,3.367295829986474,3,0.7071067811865475,0.7071067811865476,0.0943396226415094,181.85375,Euro_Africa,Euro_Africa,0.092242725,0.101955265,0.07899617,0.7268058
911,2009,Entity 2751,2.0,0.0151515151515151,0.0151515151515151,0.0151515151515151,0.0151515151515151,0.0151515151515151,0.0303030303030303,0.0151515151515151,0.0303030303030303,0.0303030303030303,0.0454545454545454,0.0606060606060606,0.0151515151515151,0.0909090909090909,0.0151515151515151,0.0454545454545454,0.0606060606060606,0.0606060606060606,0.0606060606060606,0.0454545454545454,0.0606060606060606,0.0454545454545454,0.0454545454545454,0.0909090909090909,0.0757575757575757,42,3.737669618283368,2,0.4999999999999999,0.8660254037844387,0.0757575757575757,894.120625,Euro_Africa,Euro_Africa,0.08035253,0.0444373,0.031854067,0.8433561
152,186,Entity 1142,7.0,0.0235294117647058,0.0705882352941176,0.0588235294117647,0.0588235294117647,0.0470588235294117,0.0352941176470588,0.0823529411764705,0.0235294117647058,0.0470588235294117,0.0588235294117647,0.0352941176470588,0.0235294117647058,0.0470588235294117,0.0352941176470588,0.0941176470588235,0.1058823529411764,0.0352941176470588,0.0352941176470588,0.0235294117647058,0.0117647058823529,0.0117647058823529,0.0117647058823529,0.0117647058823529,0.0117647058823529,61,4.110873864173311,21,-0.7071067811865477,0.7071067811865474,0.0588235294117647,238.01091435185185,East_Asia_Pac,East_Asia_Pac,0.04334717,0.37176764,0.54691595,0.0379692
1272,3727,Entity 441,2.0,0.0327868852459016,0.0327868852459016,0.0163934426229508,0.0163934426229508,0.0327868852459016,0.0491803278688524,0.0327868852459016,0.0491803278688524,0.0491803278688524,0.0983606557377049,0.0327868852459016,0.0491803278688524,0.0491803278688524,0.0163934426229508,0.081967213114754,0.0327868852459016,0.0163934426229508,0.0655737704918032,0.0163934426229508,0.081967213114754,0.0327868852459016,0.0163934426229508,0.0163934426229508,0.081967213114754,37,3.610917912644224,2,0.4999999999999999,0.8660254037844387,0.1311475409836065,1820.976608796296,Euro_Africa,Euro_Africa,0.12036149,0.16277756,0.35375848,0.36310247
1112,3300,Entity 392,5.5,0.0175438596491228,0.0087719298245614,0.0789473684210526,0.043859649122807,0.0350877192982456,0.0526315789473684,0.0526315789473684,0.0350877192982456,0.0789473684210526,0.043859649122807,0.0614035087719298,0.0526315789473684,0.0263157894736842,0.0614035087719298,0.0263157894736842,0.1228070175438596,0.0789473684210526,0.0263157894736842,0.0263157894736842,0.0087719298245614,0.0263157894736842,0.0087719298245614,0.0087719298245614,0.0175438596491228,90,4.499809670330265,23,-0.2588190451025215,0.965925826289068,0.0614035087719298,1072.6921875,Central_Asia,Central_Asia,0.037793558,0.5995214,0.31076628,0.05191881
1040,2815,Entity 344,2.0,0.0176991150442477,0.0442477876106194,0.0265486725663716,0.0176991150442477,0.0442477876106194,0.0353982300884955,0.0707964601769911,0.0707964601769911,0.0707964601769911,0.0442477876106194,0.0265486725663716,0.0442477876106194,0.0353982300884955,0.0707964601769911,0.0442477876106194,0.0442477876106194,0.0973451327433628,0.0353982300884955,0.0442477876106194,0.0353982300884955,0.0442477876106194,0.0176991150442477,0.0088495575221238,0.0088495575221238,89,4.48863636973214,22,-0.5000000000000004,0.8660254037844384,0.0973451327433628,4096.888773148148,Euro_Africa,Central_Asia,0.095961705,0.56161445,0.12786263,0.21456122
1832,4524,Entity 895,8.0,0.0131578947368421,0.0131578947368421,0.0131578947368421,0.0526315789473684,0.0394736842105263,0.131578947368421,0.0526315789473684,0.0263157894736842,0.0131578947368421,0.0131578947368421,0.0263157894736842,0.0526315789473684,0.0789473684210526,0.0657894736842105,0.0394736842105263,0.1052631578947368,0.0921052631578947,0.0789473684210526,0.0263157894736842,0.0131578947368421,0.0131578947368421,0.0131578947368421,0.0131578947368421,0.0131578947368421,52,3.951243718581428,21,-0.7071067811865477,0.7071067811865474,0.0657894736842105,219.2913310185185,East_Asia_Pac,Central_Asia,0.071487986,0.61473995,0.25779974,0.055972304
358,463,Entity 1393,7.0,0.0217391304347826,0.0434782608695652,0.0217391304347826,0.0217391304347826,0.0652173913043478,0.0217391304347826,0.0217391304347826,0.0217391304347826,0.0869565217391304,0.0652173913043478,0.0869565217391304,0.0434782608695652,0.0217391304347826,0.108695652173913,0.0434782608695652,0.0217391304347826,0.0652173913043478,0.0217391304347826,0.0217391304347826,0.0217391304347826,0.0217391304347826,0.0217391304347826,0.0652173913043478,0.0434782608695652,22,3.091042453358316,19,-0.9659258262890684,0.2588190451025203,0.108695652173913,725.4008333333334,East_Asia_Pac,East_Asia_Pac,0.17826423,0.10400587,0.49364558,0.2240843
1536,4131,Entity 642,1.0,0.0465116279069767,0.0232558139534883,0.0232558139534883,0.0465116279069767,0.0697674418604651,0.0930232558139534,0.0232558139534883,0.0465116279069767,0.0232558139534883,0.0232558139534883,0.0232558139534883,0.0232558139534883,0.0232558139534883,0.0232558139534883,0.0232558139534883,0.0232558139534883,0.0232558139534883,0.0232558139534883,0.0232558139534883,0.1162790697674418,0.0930232558139534,0.0697674418604651,0.0697674418604651,0.0232558139534883,19,2.9444389791664403,10,0.4999999999999999,-0.8660254037844387,0.1162790697674418,601.964837962963,Euro_Africa,America,0.6297513,0.12038641,0.10307065,0.1467916
1162,3503,Entity 4194,8.0,0.0232558139534883,0.0232558139534883,0.0232558139534883,0.0697674418604651,0.0232558139534883,0.0465116279069767,0.0465116279069767,0.1395348837209302,0.0465116279069767,0.0232558139534883,0.0232558139534883,0.0465116279069767,0.1627906976744186,0.0232558139534883,0.0232558139534883,0.0232558139534883,0.0465116279069767,0.0232558139534883,0.0232558139534883,0.0232558139534883,0.0465116279069767,0.0232558139534883,0.0232558139534883,0.0232558139534883,19,2.9444389791664403,23,-0.2588190451025215,0.965925826289068,0.1162790697674418,89.81625,East_Asia_Pac,Central_Asia,0.077693015,0.57866913,0.23713225,0.10650557
922,2084,Entity 28141,7.0,0.0476190476190476,0.0476190476190476,0.0238095238095238,0.0714285714285714,0.0476190476190476,0.0714285714285714,0.0476190476190476,0.0476190476190476,0.0476190476190476,0.0476190476190476,0.0476190476190476,0.0238095238095238,0.0476190476190476,0.0238095238095238,0.0476190476190476,0.0476190476190476,0.0476190476190476,0.0476190476190476,0.0476190476190476,0.0238095238095238,0.0238095238095238,0.0238095238095238,0.0238095238095238,0.0238095238095238,18,2.8903717578961645,21,-0.7071067811865477,0.7071067811865474,0.119047619047619,135.16708333333332,East_Asia_Pac,Central_Asia,0.1139848,0.406419,0.38681814,0.09277801
1762,4431,Entity 8340,-5.0,0.0730337078651685,0.0617977528089887,0.0337078651685393,0.0337078651685393,0.0393258426966292,0.0786516853932584,0.0337078651685393,0.0393258426966292,0.0617977528089887,0.0168539325842696,0.0056179775280898,0.0112359550561797,0.0056179775280898,0.0168539325842696,0.0280898876404494,0.0561797752808988,0.0674157303370786,0.0561797752808988,0.0449438202247191,0.0393258426966292,0.0561797752808988,0.0337078651685393,0.0224719101123595,0.0842696629213483,154,5.0369526024136295,11,0.258819045102521,-0.9659258262890682,0.0561797752808988,748.9983912037037,America,America,0.77678746,0.044398848,0.060291413,0.1185223
428,554,Entity 1474,1.0,0.0123456790123456,0.037037037037037,0.037037037037037,0.0123456790123456,0.0246913580246913,0.0123456790123456,0.037037037037037,0.037037037037037,0.0493827160493827,0.0617283950617283,0.0617283950617283,0.0617283950617283,0.0246913580246913,0.0246913580246913,0.0246913580246913,0.037037037037037,0.037037037037037,0.0617283950617283,0.037037037037037,0.074074074074074,0.0493827160493827,0.0617283950617283,0.0617283950617283,0.0617283950617283,57,4.04305126783455,2,0.4999999999999999,0.8660254037844387,0.1234567901234567,624.0515625,Euro_Africa,Euro_Africa,0.14597224,0.05648362,0.060266342,0.7372778
157,192,Entity 1148,0.0,0.1,0.06,0.04,0.04,0.04,0.04,0.02,0.02,0.02,0.02,0.02,0.04,0.04,0.06,0.04,0.06,0.08,0.04,0.04,0.02,0.04,0.02,0.06,0.04,26,3.258096538021482,8,0.8660254037844387,-0.4999999999999998,0.1,817.1299305555556,Euro_Africa,America,0.64889425,0.06309299,0.17211296,0.115899794
1601,4215,Entity 701,5.5,0.0666666666666666,0.0933333333333333,0.04,0.0533333333333333,0.04,0.0266666666666666,0.0533333333333333,0.04,0.04,0.08,0.0266666666666666,0.04,0.08,0.0666666666666666,0.0133333333333333,0.04,0.0666666666666666,0.0533333333333333,0.0133333333333333,0.0133333333333333,0.0133333333333333,0.0133333333333333,0.0133333333333333,0.0133333333333333,51,3.9318256327243257,20,-0.8660254037844386,0.5000000000000001,0.0666666666666666,214.0378587962963,Central_Asia,East_Asia_Pac,0.05234495,0.2181679,0.67466205,0.05482506
303,388,Entity 1327,0.0,0.0465116279069767,0.0232558139534883,0.0232558139534883,0.0232558139534883,0.0232558139534883,0.0465116279069767,0.0232558139534883,0.0465116279069767,0.0232558139534883,0.0232558139534883,0.0697674418604651,0.0697674418604651,0.0232558139534883,0.0697674418604651,0.0465116279069767,0.0232558139534883,0.0465116279069767,0.0465116279069767,0.0232558139534883,0.0697674418604651,0.0465116279069767,0.0232558139534883,0.0930232558139534,0.0465116279069767,19,2.9444389791664403,2,0.4999999999999999,0.8660254037844387,0.1395348837209302,2710.993634259259,Euro_Africa,Euro_Africa,0.23544243,0.11254288,0.14596663,0.5060481
630,880,Entity 1762,1.0,0.0289855072463768,0.0579710144927536,0.0144927536231884,0.0144927536231884,0.036231884057971,0.0072463768115942,0.0144927536231884,0.0144927536231884,0.0434782608695652,0.036231884057971,0.0217391304347826,0.0652173913043478,0.036231884057971,0.036231884057971,0.0579710144927536,0.0434782608695652,0.072463768115942,0.0507246376811594,0.036231884057971,0.0507246376811594,0.036231884057971,0.0869565217391304,0.0942028985507246,0.0434782608695652,114,4.736198448394496,4,0.8660254037844386,0.5000000000000001,0.0869565217391304,1814.1891319444444,Euro_Africa,Euro_Africa,0.2907665,0.034593873,0.06664329,0.60799634
1331,3846,Entity 456,10.5,0.0365853658536585,0.0121951219512195,0.0365853658536585,0.0365853658536585,0.1097560975609756,0.0853658536585365,0.024390243902439,0.0609756097560975,0.1219512195121951,0.048780487804878,0.0121951219512195,0.0609756097560975,0.073170731707317,0.0365853658536585,0.0365853658536585,0.0365853658536585,0.048780487804878,0.0121951219512195,0.024390243902439,0.0121951219512195,0.0121951219512195,0.0365853658536585,0.0121951219512195,0.0121951219512195,58,4.060443010546419,21,-0.7071067811865477,0.7071067811865474,0.0853658536585365,953.8298611111112,East_Asia_Pac,East_Asia_Pac,0.12350761,0.23633914,0.5139351,0.12621813
1767,4436,Entity 839,9.0,0.0125,0.0125,0.025,0.025,0.05,0.1625,0.0875,0.0375,0.0625,0.0375,0.0375,0.0125,0.025,0.0125,0.025,0.0625,0.075,0.0375,0.025,0.1,0.025,0.0125,0.0125,0.025,56,4.02535169073515,23,-0.2588190451025215,0.965925826289068,0.0749999999999999,2542.3567592592594,East_Asia_Pac,Central_Asia,0.08287532,0.588674,0.22600648,0.102444194
741,1220,Entity 2062,1.0,0.0213333333333333,0.0266666666666666,0.0106666666666666,0.0053333333333333,0.0053333333333333,0.008,0.0053333333333333,0.0053333333333333,0.008,0.0106666666666666,0.0293333333333333,0.0426666666666666,0.0586666666666666,0.0666666666666666,0.04,0.0426666666666666,0.0693333333333333,0.144,0.0933333333333333,0.0533333333333333,0.0586666666666666,0.0746666666666666,0.064,0.056,351,5.860786223465865,5,0.9659258262890684,0.2588190451025207,0.0293333333333333,2295.1435300925928,Euro_Africa,Euro_Africa,0.1226223,0.028866407,0.024446705,0.82406455
327,420,Entity 1355,-8.0,0.0666666666666666,0.0444444444444444,0.0222222222222222,0.0222222222222222,0.0444444444444444,0.0222222222222222,0.1111111111111111,0.0666666666666666,0.0222222222222222,0.0222222222222222,0.0222222222222222,0.0444444444444444,0.0222222222222222,0.0444444444444444,0.0222222222222222,0.0444444444444444,0.0222222222222222,0.1111111111111111,0.0222222222222222,0.0444444444444444,0.0444444444444444,0.0444444444444444,0.0444444444444444,0.0222222222222222,21,3.044522437723423,10,0.4999999999999999,-0.8660254037844387,0.1333333333333333,981.1170949074074,America,America,0.4816668,0.08688729,0.08687137,0.34457457
1521,4112,Entity 631,8.0,0.0505050505050505,0.0404040404040404,0.0606060606060606,0.0202020202020202,0.0404040404040404,0.0505050505050505,0.0202020202020202,0.0202020202020202,0.1313131313131313,0.0404040404040404,0.0606060606060606,0.0202020202020202,0.0808080808080808,0.0606060606060606,0.101010101010101,0.0303030303030303,0.0202020202020202,0.0101010101010101,0.0101010101010101,0.0101010101010101,0.0101010101010101,0.0101010101010101,0.0202020202020202,0.0808080808080808,75,4.31748811353631,19,-0.9659258262890684,0.2588190451025203,0.0505050505050505,706.8791898148148,East_Asia_Pac,East_Asia_Pac,0.12280866,0.07108805,0.72900426,0.07709902
1245,3663,Entity 4349,1.0,0.0078740157480314,0.0157480314960629,0.0078740157480314,0.0078740157480314,0.0078740157480314,0.0157480314960629,0.0708661417322834,0.0787401574803149,0.0708661417322834,0.0866141732283464,0.0708661417322834,0.0708661417322834,0.0551181102362204,0.0629921259842519,0.0472440944881889,0.0236220472440944,0.0472440944881889,0.0314960629921259,0.0393700787401574,0.0314960629921259,0.0472440944881889,0.0551181102362204,0.0314960629921259,0.0157480314960629,103,4.634728988229636,2,0.4999999999999999,0.8660254037844387,0.0472440944881889,4453.967465277778,Euro_Africa,Euro_Africa,0.029560661,0.1020912,0.029524107,0.83882403
1603,4217,Entity 703,-6.0,0.0776699029126213,0.0388349514563106,0.1359223300970873,0.1359223300970873,0.087378640776699,0.0388349514563106,0.0097087378640776,0.0097087378640776,0.0097087378640776,0.0097087378640776,0.0097087378640776,0.0097087378640776,0.0097087378640776,0.029126213592233,0.0388349514563106,0.029126213592233,0.058252427184466,0.0194174757281553,0.0679611650485436,0.0388349514563106,0.029126213592233,0.029126213592233,0.0388349514563106,0.0388349514563106,79,4.3694478524670215,8,0.8660254037844387,-0.4999999999999998,0.0485436893203883,2241.992361111111,America,America,0.89872104,0.015729811,0.056005623,0.029543519
1446,4009,Entity 5638,7.0,0.0636363636363636,0.0454545454545454,0.009090909090909,0.059090909090909,0.0363636363636363,0.0318181818181818,0.0545454545454545,0.0272727272727272,0.0454545454545454,0.0409090909090909,0.059090909090909,0.0409090909090909,0.0272727272727272,0.0227272727272727,0.0545454545454545,0.0454545454545454,0.0954545454545454,0.0409090909090909,0.0545454545454545,0.0181818181818181,0.0181818181818181,0.009090909090909,0.0272727272727272,0.0727272727272727,196,5.278114659230517,20,-0.8660254037844386,0.5000000000000001,0.1272727272727272,59.00435185185185,East_Asia_Pac,East_Asia_Pac,0.18977448,0.1460026,0.52704346,0.13717946
5,7,Entity 1005,5.5,0.0476190476190476,0.0317460317460317,0.0952380952380952,0.0634920634920634,0.0317460317460317,0.0793650793650793,0.0952380952380952,0.0158730158730158,0.0158730158730158,0.0634920634920634,0.0317460317460317,0.0158730158730158,0.0317460317460317,0.0317460317460317,0.0476190476190476,0.0793650793650793,0.0476190476190476,0.0476190476190476,0.0158730158730158,0.0158730158730158,0.0476190476190476,0.0158730158730158,0.0158730158730158,0.0158730158730158,39,3.6635616461296463,20,-0.8660254037844386,0.5000000000000001,0.1111111111111111,412.7518865740741,Central_Asia,East_Asia_Pac,0.12421801,0.3430284,0.42748123,0.105272405
759,1305,Entity 214,3.0,0.0833333333333333,0.0416666666666666,0.03125,0.0208333333333333,0.03125,0.0208333333333333,0.0416666666666666,0.0208333333333333,0.0520833333333333,0.0729166666666666,0.0625,0.0833333333333333,0.0729166666666666,0.0416666666666666,0.0416666666666666,0.0208333333333333,0.03125,0.0625,0.03125,0.03125,0.03125,0.0416666666666666,0.0104166666666666,0.0208333333333333,72,4.276666119016055,5,0.9659258262890684,0.2588190451025207,0.1354166666666666,1428.6963310185183,Euro_Africa,Euro_Africa,0.1817655,0.14749643,0.15957312,0.51116496
768,1335,Entity 217,8.0,0.0143540669856459,0.0478468899521531,0.0382775119617224,0.0813397129186602,0.0430622009569378,0.0430622009569378,0.0430622009569378,0.0334928229665071,0.0526315789473684,0.0382775119617224,0.0430622009569378,0.0430622009569378,0.0191387559808612,0.0191387559808612,0.0334928229665071,0.0430622009569378,0.0813397129186602,0.0669856459330143,0.0526315789473684,0.062200956937799,0.0478468899521531,0.0239234449760765,0.0239234449760765,0.0047846889952153,185,5.220355825078324,22,-0.5000000000000004,0.8660254037844384,0.1148325358851674,989.1920717592592,East_Asia_Pac,Central_Asia,0.19476779,0.49273387,0.16283704,0.14966135
935,2178,Entity 28764,-5.0,0.0434782608695652,0.072463768115942,0.0434782608695652,0.0434782608695652,0.0579710144927536,0.072463768115942,0.0579710144927536,0.0289855072463768,0.0289855072463768,0.0144927536231884,0.0144927536231884,0.0144927536231884,0.0289855072463768,0.0434782608695652,0.0289855072463768,0.0579710144927536,0.0434782608695652,0.0579710144927536,0.0434782608695652,0.0289855072463768,0.0579710144927536,0.0144927536231884,0.0289855072463768,0.072463768115942,45,3.80666248977032,9,0.7071067811865476,-0.7071067811865475,0.1014492753623188,423.4172916666666,America,America,0.7706752,0.08790821,0.085124284,0.056292295
170,207,Entity 1163,-8.0,0.05,0.0428571428571428,0.0785714285714285,0.1,0.0785714285714285,0.05,0.0642857142857142,0.0714285714285714,0.0357142857142857,0.0357142857142857,0.0142857142857142,0.0142857142857142,0.0142857142857142,0.0214285714285714,0.0142857142857142,0.0357142857142857,0.0142857142857142,0.0142857142857142,0.0071428571428571,0.0285714285714285,0.0357142857142857,0.0571428571428571,0.0357142857142857,0.0857142857142857,116,4.7535901911063645,12,1.2246467991473532e-16,-1.0,0.0785714285714285,525.2775578703704,America,America,0.7857071,0.040037423,0.123783834,0.050471675
1667,4310,Entity 764,5.5,0.0119047619047619,0.0595238095238095,0.0476190476190476,0.0952380952380952,0.0119047619047619,0.0238095238095238,0.0238095238095238,0.0714285714285714,0.0238095238095238,0.0119047619047619,0.0119047619047619,0.0238095238095238,0.0119047619047619,0.0476190476190476,0.1309523809523809,0.0238095238095238,0.0595238095238095,0.1666666666666666,0.0714285714285714,0.0238095238095238,0.0119047619047619,0.0119047619047619,0.0119047619047619,0.0119047619047619,60,4.0943445622221,22,-0.5000000000000004,0.8660254037844384,0.0595238095238095,317.13233796296294,Central_Asia,Central_Asia,0.17892852,0.50158453,0.21384391,0.105643
307,393,Entity 13307,7.0,0.0363636363636363,0.0727272727272727,0.0363636363636363,0.0727272727272727,0.0363636363636363,0.0181818181818181,0.0909090909090909,0.0545454545454545,0.0181818181818181,0.109090909090909,0.0545454545454545,0.0545454545454545,0.0181818181818181,0.0181818181818181,0.0363636363636363,0.0363636363636363,0.0181818181818181,0.0363636363636363,0.0545454545454545,0.0181818181818181,0.0545454545454545,0.0181818181818181,0.0181818181818181,0.0181818181818181,31,3.4339872044851463,14,-0.4999999999999997,-0.8660254037844388,0.1272727272727272,214.45688657407408,East_Asia_Pac,East_Asia_Pac,0.17118596,0.3319981,0.361498,0.1353179
1110,3280,Entity 390,7.0,0.0553745928338762,0.019543973941368,0.013029315960912,0.0325732899022801,0.006514657980456,0.0260586319218241,0.0944625407166123,0.1530944625407166,0.0488599348534201,0.0358306188925081,0.0260586319218241,0.022801302931596,0.0358306188925081,0.0423452768729641,0.0358306188925081,0.0293159609120521,0.0944625407166123,0.0260586319218241,0.0260586319218241,0.0325732899022801,0.0358306188925081,0.0749185667752443,0.019543973941368,0.013029315960912,283,5.645446897643238,3,0.7071067811865475,0.7071067811865476,0.0977198697068403,232.9610648148148,East_Asia_Pac,Euro_Africa,0.09861947,0.22271168,0.13023597,0.5484329
1135,3445,Entity 406,8.0,0.027027027027027,0.027027027027027,0.081081081081081,0.036036036036036,0.036036036036036,0.054054054054054,0.063063063063063,0.045045045045045,0.045045045045045,0.045045045045045,0.054054054054054,0.072072072072072,0.054054054054054,0.045045045045045,0.054054054054054,0.036036036036036,0.027027027027027,0.054054054054054,0.054054054054054,0.036036036036036,0.018018018018018,0.018018018018018,0.009009009009009,0.009009009009009,87,4.465908118654584,22,-0.5000000000000004,0.8660254037844384,0.081081081081081,176.62400462962964,East_Asia_Pac,Central_Asia,0.063475646,0.5853861,0.26299447,0.08814379
861,1793,Entity 25679,-5.0,0.025,0.025,0.1,0.05,0.05,0.025,0.025,0.025,0.025,0.025,0.025,0.05,0.075,0.025,0.05,0.025,0.05,0.05,0.025,0.025,0.025,0.025,0.15,0.025,16,2.772588722239781,7,0.9659258262890684,-0.2588190451025206,0.125,1641.082534722222,America,Central_Asia,0.21519372,0.34924784,0.32996693,0.105591506
132,164,Entity 1125,-5.0,0.0212765957446808,0.0212765957446808,0.0851063829787234,0.1276595744680851,0.0851063829787234,0.0851063829787234,0.1276595744680851,0.0212765957446808,0.0212765957446808,0.0212765957446808,0.0638297872340425,0.0638297872340425,0.0212765957446808,0.0212765957446808,0.0212765957446808,0.0212765957446808,0.0212765957446808,0.0212765957446808,0.0212765957446808,0.0212765957446808,0.0212765957446808,0.0212765957446808,0.0212765957446808,0.0212765957446808,23,3.1354942159291497,14,-0.4999999999999997,-0.8660254037844388,0.1063829787234042,77.31050925925926,America,East_Asia_Pac,0.06601806,0.42256692,0.47715685,0.03425822
1519,4109,Entity 629,5.5,0.029126213592233,0.0097087378640776,0.0194174757281553,0.029126213592233,0.029126213592233,0.0388349514563106,0.0194174757281553,0.0388349514563106,0.0388349514563106,0.0194174757281553,0.058252427184466,0.0388349514563106,0.0485436893203883,0.029126213592233,0.0679611650485436,0.0485436893203883,0.087378640776699,0.1844660194174757,0.1067961165048543,0.0194174757281553,0.0097087378640776,0.0097087378640776,0.0097087378640776,0.0097087378640776,79,4.3694478524670215,21,-0.7071067811865477,0.7071067811865474,0.058252427184466,233.66965277777777,Central_Asia,Central_Asia,0.0930008,0.48978892,0.30217725,0.11503305
1070,3027,Entity 365,3.0,0.0224719101123595,0.0674157303370786,0.0112359550561797,0.0112359550561797,0.0112359550561797,0.0112359550561797,0.0112359550561797,0.0112359550561797,0.0561797752808988,0.0449438202247191,0.1011235955056179,0.0674157303370786,0.0337078651685393,0.0449438202247191,0.0112359550561797,0.0561797752808988,0.0898876404494382,0.0112359550561797,0.0561797752808988,0.0449438202247191,0.0898876404494382,0.0561797752808988,0.0449438202247191,0.0337078651685393,65,4.174387269895637,4,0.8660254037844386,0.5000000000000001,0.0561797752808988,958.8786226851852,Euro_Africa,Euro_Africa,0.08439871,0.0234932,0.026694266,0.86541384
629,879,Entity 17615,7.0,0.0327868852459016,0.1639344262295081,0.0327868852459016,0.0491803278688524,0.081967213114754,0.0491803278688524,0.0327868852459016,0.0327868852459016,0.0327868852459016,0.1311475409836065,0.0327868852459016,0.0163934426229508,0.0327868852459016,0.0163934426229508,0.0163934426229508,0.0327868852459016,0.081967213114754,0.0327868852459016,0.0163934426229508,0.0163934426229508,0.0163934426229508,0.0163934426229508,0.0163934426229508,0.0163934426229508,37,3.610917912644224,20,-0.8660254037844386,0.5000000000000001,0.0819672131147541,91.34502314814814,East_Asia_Pac,East_Asia_Pac,0.07862123,0.1645165,0.7157614,0.04110088
1287,3760,Entity 4442,7.0,0.0232558139534883,0.0232558139534883,0.0465116279069767,0.0232558139534883,0.0465116279069767,0.0232558139534883,0.0465116279069767,0.0465116279069767,0.0465116279069767,0.0465116279069767,0.0232558139534883,0.0232558139534883,0.0232558139534883,0.0232558139534883,0.1627906976744186,0.1627906976744186,0.0465116279069767,0.0232558139534883,0.0232558139534883,0.0232558139534883,0.0232558139534883,0.0232558139534883,0.0232558139534883,0.0232558139534883,19,2.9444389791664403,19,-0.9659258262890684,0.2588190451025203,0.1162790697674418,1823.2382291666668,East_Asia_Pac,Central_Asia,0.066378705,0.5152284,0.31676793,0.101625
385,496,Entity 14232,-5.0,0.0185185185185185,0.0185185185185185,0.0185185185185185,0.0185185185185185,0.0185185185185185,0.0185185185185185,0.037037037037037,0.074074074074074,0.0185185185185185,0.0185185185185185,0.037037037037037,0.0185185185185185,0.0185185185185185,0.0925925925925925,0.0185185185185185,0.0185185185185185,0.0555555555555555,0.0185185185185185,0.074074074074074,0.2222222222222222,0.0555555555555555,0.074074074074074,0.0185185185185185,0.0185185185185185,30,3.4011973816621555,2,0.4999999999999999,0.8660254037844387,0.0925925925925925,288.8114930555556,America,Euro_Africa,0.14334309,0.13745783,0.054658458,0.66454065
353,454,Entity 1385,2.0,0.0666666666666666,0.0222222222222222,0.0222222222222222,0.0222222222222222,0.0222222222222222,0.0222222222222222,0.0222222222222222,0.0444444444444444,0.0222222222222222,0.0222222222222222,0.0222222222222222,0.0666666666666666,0.0666666666666666,0.0444444444444444,0.0666666666666666,0.1333333333333333,0.0444444444444444,0.0444444444444444,0.0222222222222222,0.0222222222222222,0.0222222222222222,0.0888888888888888,0.0444444444444444,0.0222222222222222,21,3.044522437723423,3,0.7071067811865475,0.7071067811865476,0.1111111111111111,742.0238425925926,Euro_Africa,Euro_Africa,0.14475127,0.08727336,0.14342277,0.6245526
1111,3291,Entity 391,5.5,0.0083333333333333,0.0083333333333333,0.0083333333333333,0.0166666666666666,0.0416666666666666,0.025,0.025,0.1083333333333333,0.075,0.1166666666666666,0.0333333333333333,0.025,0.0416666666666666,0.075,0.1083333333333333,0.05,0.0666666666666666,0.05,0.025,0.0333333333333333,0.0333333333333333,0.0083333333333333,0.0083333333333333,0.0083333333333333,96,4.564348191467836,23,-0.2588190451025215,0.965925826289068,0.0416666666666666,678.5785185185185,Central_Asia,Central_Asia,0.039152108,0.59868157,0.12861297,0.23355336
678,995,Entity 1859,1.0,0.0256410256410256,0.0256410256410256,0.0256410256410256,0.0512820512820512,0.0256410256410256,0.0256410256410256,0.0256410256410256,0.0512820512820512,0.0256410256410256,0.0256410256410256,0.0256410256410256,0.0512820512820512,0.0256410256410256,0.0512820512820512,0.0256410256410256,0.1025641025641025,0.0769230769230769,0.0769230769230769,0.0256410256410256,0.0769230769230769,0.0769230769230769,0.0256410256410256,0.0256410256410256,0.0256410256410256,15,2.70805020110221,23,-0.2588190451025215,0.965925826289068,0.1282051282051282,598.8381597222223,Euro_Africa,Central_Asia,0.19211383,0.4285929,0.17817615,0.2011171
1715,4373,Entity 8003,9.0,0.0040983606557377,0.0081967213114754,0.0122950819672131,0.0163934426229508,0.0163934426229508,0.0491803278688524,0.0491803278688524,0.0327868852459016,0.0614754098360655,0.0491803278688524,0.0614754098360655,0.0655737704918032,0.081967213114754,0.0450819672131147,0.0696721311475409,0.1024590163934426,0.0491803278688524,0.081967213114754,0.0778688524590164,0.0368852459016393,0.0122950819672131,0.0040983606557377,0.0081967213114754,0.0040983606557377,220,5.393627546352362,23,-0.2588190451025215,0.965925826289068,0.0286885245901639,590.3231597222223,East_Asia_Pac,Central_Asia,0.02962046,0.73912704,0.09435693,0.13689554
28,37,Entity 1024,5.5,0.0158730158730158,0.0158730158730158,0.0158730158730158,0.0476190476190476,0.0158730158730158,0.0476190476190476,0.0317460317460317,0.0317460317460317,0.0476190476190476,0.0634920634920634,0.0158730158730158,0.0634920634920634,0.0317460317460317,0.0158730158730158,0.0317460317460317,0.2222222222222222,0.0793650793650793,0.0793650793650793,0.0317460317460317,0.0317460317460317,0.0158730158730158,0.0158730158730158,0.0158730158730158,0.0158730158730158,39,3.6635616461296463,22,-0.5000000000000004,0.8660254037844384,0.0793650793650793,2414.9821990740743,Central_Asia,Central_Asia,0.048546586,0.69029355,0.1315896,0.12957026
1105,3243,Entity 386,8.0,0.0166666666666666,0.0291666666666666,0.0375,0.0541666666666666,0.0666666666666666,0.0333333333333333,0.0333333333333333,0.075,0.0125,0.0291666666666666,0.0416666666666666,0.0416666666666666,0.0541666666666666,0.05,0.0458333333333333,0.0916666666666666,0.05,0.0583333333333333,0.0458333333333333,0.0458333333333333,0.0166666666666666,0.0208333333333333,0.0291666666666666,0.0208333333333333,216,5.375278407684165,22,-0.5000000000000004,0.8660254037844384,0.1041666666666666,1153.3783101851852,East_Asia_Pac,Central_Asia,0.13739872,0.4737119,0.26403555,0.12485388
373,482,Entity 141,5.5,0.0043859649122807,0.0175438596491228,0.0745614035087719,0.0701754385964912,0.0964912280701754,0.087719298245614,0.1008771929824561,0.0394736842105263,0.0614035087719298,0.0307017543859649,0.0482456140350877,0.0701754385964912,0.043859649122807,0.0350877192982456,0.0394736842105263,0.0175438596491228,0.0570175438596491,0.043859649122807,0.0263157894736842,0.0087719298245614,0.0131578947368421,0.0043859649122807,0.0043859649122807,0.0043859649122807,204,5.318119993844216,22,-0.5000000000000004,0.8660254037844384,0.0307017543859649,559.1396412037037,Central_Asia,Central_Asia,0.032168098,0.70239025,0.23417617,0.03126546
1935,4679,Entity 993,8.0,0.0142857142857142,0.0285714285714285,0.0285714285714285,0.0142857142857142,0.0142857142857142,0.0571428571428571,0.0428571428571428,0.0142857142857142,0.0285714285714285,0.0857142857142857,0.0571428571428571,0.0428571428571428,0.0714285714285714,0.0571428571428571,0.1,0.0571428571428571,0.0571428571428571,0.0714285714285714,0.0285714285714285,0.0571428571428571,0.0285714285714285,0.0142857142857142,0.0142857142857142,0.0142857142857142,46,3.828641396489095,22,-0.5000000000000004,0.8660254037844384,0.0857142857142857,83.51365740740741,East_Asia_Pac,Central_Asia,0.048384223,0.57085836,0.22685412,0.15390334
770,1367,Entity 220,5.5,0.0034129692832764,0.0102389078498293,0.030716723549488,0.0511945392491467,0.0375426621160409,0.0477815699658703,0.0034129692832764,0.0034129692832764,0.0238907849829351,0.0204778156996587,0.030716723549488,0.0170648464163822,0.0750853242320819,0.1638225255972696,0.0409556313993174,0.0511945392491467,0.098976109215017,0.1296928327645051,0.0648464163822525,0.0614334470989761,0.0136518771331058,0.0068259385665529,0.0102389078498293,0.0034129692832764,269,5.594711379601839,23,-0.2588190451025215,0.965925826289068,0.0341296928327644,448.41922453703705,Central_Asia,Central_Asia,0.17283343,0.6196146,0.14744376,0.060108192
1551,4150,Entity 6563,-5.0,0.0425531914893617,0.0425531914893617,0.0851063829787234,0.0851063829787234,0.0425531914893617,0.0212765957446808,0.0638297872340425,0.0212765957446808,0.0212765957446808,0.0212765957446808,0.0212765957446808,0.0425531914893617,0.0212765957446808,0.0425531914893617,0.0212765957446808,0.0638297872340425,0.0425531914893617,0.0851063829787234,0.0212765957446808,0.0638297872340425,0.0212765957446808,0.0425531914893617,0.0425531914893617,0.0212765957446808,23,3.1354942159291497,9,0.7071067811865476,-0.7071067811865475,0.1276595744680851,1092.0083564814815,America,America,0.53984684,0.105745725,0.229075,0.12533244
1586,4196,Entity 69,5.5,0.0023923444976076,0.0071770334928229,0.0047846889952153,0.0047846889952153,0.0239234449760765,0.0669856459330143,0.0430622009569378,0.0454545454545454,0.0861244019138756,0.0765550239234449,0.0406698564593301,0.0717703349282296,0.0645933014354067,0.0263157894736842,0.0311004784688995,0.0311004784688995,0.0717703349282296,0.0885167464114832,0.1196172248803827,0.0215311004784689,0.0191387559808612,0.0191387559808612,0.0263157894736842,0.0071770334928229,394,5.976350909297934,1,0.2588190451025207,0.9659258262890684,0.0263157894736842,3162.613113425926,Central_Asia,Central_Asia,0.04338589,0.5352044,0.12266124,0.29874846
1528,4123,Entity 6361,11.0,0.0042372881355932,0.0338983050847457,0.0211864406779661,0.1144067796610169,0.059322033898305,0.0381355932203389,0.0847457627118644,0.0211864406779661,0.0466101694915254,0.0508474576271186,0.0466101694915254,0.0466101694915254,0.0805084745762711,0.0508474576271186,0.0805084745762711,0.0889830508474576,0.0169491525423728,0.0508474576271186,0.0211864406779661,0.0084745762711864,0.0042372881355932,0.0084745762711864,0.0084745762711864,0.0127118644067796,212,5.356586274672012,22,-0.5000000000000004,0.8660254037844384,0.0381355932203389,870.3632175925926,East_Asia_Pac,Central_Asia,0.03927618,0.4618956,0.4450946,0.053733636
15,22,Entity 1013,5.5,0.0301204819277108,0.036144578313253,0.0240963855421686,0.0240963855421686,0.036144578313253,0.0240963855421686,0.0421686746987951,0.036144578313253,0.0903614457831325,0.0421686746987951,0.0240963855421686,0.180722891566265,0.072289156626506,0.0481927710843373,0.0421686746987951,0.0301204819277108,0.0662650602409638,0.0180722891566265,0.0180722891566265,0.0120481927710843,0.036144578313253,0.0120481927710843,0.0481927710843373,0.0060240963855421,142,4.955827057601261,19,-0.9659258262890684,0.2588190451025203,0.0963855421686746,4612.777488425926,Central_Asia,East_Asia_Pac,0.095884085,0.15441398,0.47968754,0.27001438
222,268,Entity 122,8.0,0.0066666666666666,0.0133333333333333,0.0333333333333333,0.04,0.0733333333333333,0.0666666666666666,0.0266666666666666,0.0533333333333333,0.0866666666666666,0.0533333333333333,0.0533333333333333,0.0466666666666666,0.06,0.0733333333333333,0.0333333333333333,0.0333333333333333,0.1066666666666666,0.08,0.0133333333333333,0.0066666666666666,0.0133333333333333,0.0066666666666666,0.0133333333333333,0.0066666666666666,126,4.836281906951478,21,-0.7071067811865477,0.7071067811865474,0.0466666666666666,308.79814814814813,East_Asia_Pac,Central_Asia,0.028552592,0.6221555,0.31430426,0.034987602
1898,4624,Entity 959,5.5,0.0142857142857142,0.0142857142857142,0.0142857142857142,0.0142857142857142,0.0285714285714285,0.0285714285714285,0.0571428571428571,0.0571428571428571,0.0142857142857142,0.0428571428571428,0.0285714285714285,0.0428571428571428,0.0285714285714285,0.0428571428571428,0.0428571428571428,0.0428571428571428,0.1285714285714285,0.2571428571428571,0.0285714285714285,0.0142857142857142,0.0142857142857142,0.0142857142857142,0.0142857142857142,0.0142857142857142,46,3.828641396489095,21,-0.7071067811865477,0.7071067811865474,0.0714285714285714,259.30349537037034,Central_Asia,Central_Asia,0.028656175,0.6051552,0.17683361,0.18935499
910,2002,Entity 27441,11.0,0.0256410256410256,0.0512820512820512,0.1282051282051282,0.0256410256410256,0.0769230769230769,0.0769230769230769,0.0512820512820512,0.0512820512820512,0.0256410256410256,0.0512820512820512,0.0256410256410256,0.0256410256410256,0.0256410256410256,0.0256410256410256,0.0512820512820512,0.0256410256410256,0.0256410256410256,0.0256410256410256,0.0512820512820512,0.0256410256410256,0.0256410256410256,0.0256410256410256,0.0256410256410256,0.0512820512820512,15,2.70805020110221,12,1.2246467991473532e-16,-1.0,0.1538461538461538,122.67336805555556,East_Asia_Pac,East_Asia_Pac,0.3656493,0.133372,0.40959647,0.09138227
1174,3516,Entity 4205,8.0,0.048780487804878,0.024390243902439,0.048780487804878,0.073170731707317,0.048780487804878,0.024390243902439,0.024390243902439,0.024390243902439,0.024390243902439,0.024390243902439,0.024390243902439,0.1219512195121951,0.0975609756097561,0.073170731707317,0.024390243902439,0.048780487804878,0.024390243902439,0.024390243902439,0.024390243902439,0.024390243902439,0.024390243902439,0.024390243902439,0.073170731707317,0.024390243902439,17,2.833213344056216,7,0.9659258262890684,-0.2588190451025206,0.1219512195121951,37.02282407407407,East_Asia_Pac,East_Asia_Pac,0.18803908,0.22082184,0.5260051,0.065133974
696,1044,Entity 1902,0.0,0.0208333333333333,0.0416666666666666,0.0833333333333333,0.0208333333333333,0.0208333333333333,0.0416666666666666,0.0208333333333333,0.0208333333333333,0.0208333333333333,0.0208333333333333,0.0833333333333333,0.0625,0.1041666666666666,0.0416666666666666,0.0208333333333333,0.0416666666666666,0.0416666666666666,0.0208333333333333,0.0416666666666666,0.0416666666666666,0.0416666666666666,0.0625,0.0416666666666666,0.0416666666666666,24,3.1780538303479458,5,0.9659258262890684,0.2588190451025207,0.1249999999999999,840.6789236111111,Euro_Africa,Euro_Africa,0.33573058,0.09014951,0.083512,0.4906079
1369,3897,Entity 488,2.0,0.0384615384615384,0.0256410256410256,0.0128205128205128,0.0512820512820512,0.0128205128205128,0.0128205128205128,0.0256410256410256,0.0128205128205128,0.0256410256410256,0.0256410256410256,0.0128205128205128,0.0512820512820512,0.0384615384615384,0.0384615384615384,0.0512820512820512,0.0384615384615384,0.0256410256410256,0.0512820512820512,0.0256410256410256,0.0384615384615384,0.0897435897435897,0.1025641025641025,0.141025641025641,0.0512820512820512,54,3.9889840465642745,6,1.0,6.123233995736766e-17,0.0897435897435897,890.9105208333333,Euro_Africa,Euro_Africa,0.30922487,0.059508648,0.07911228,0.55215424
1518,4108,Entity 6281,-5.0,0.0140845070422535,0.028169014084507,0.0422535211267605,0.0140845070422535,0.0422535211267605,0.0422535211267605,0.1971830985915492,0.0422535211267605,0.028169014084507,0.0140845070422535,0.0140845070422535,0.0140845070422535,0.0140845070422535,0.0140845070422535,0.028169014084507,0.0140845070422535,0.0422535211267605,0.056338028169014,0.0140845070422535,0.056338028169014,0.0704225352112676,0.0422535211267605,0.1267605633802817,0.028169014084507,47,3.8501476017100575,11,0.258819045102521,-0.9659258262890682,0.0704225352112676,1943.4317361111111,America,America,0.6613449,0.058227494,0.080519825,0.19990784
743,1226,Entity 20650,7.0,0.0232558139534883,0.1395348837209302,0.1395348837209302,0.0232558139534883,0.0232558139534883,0.0465116279069767,0.0930232558139534,0.0465116279069767,0.0232558139534883,0.0465116279069767,0.0232558139534883,0.0232558139534883,0.0232558139534883,0.0232558139534883,0.0697674418604651,0.0465116279069767,0.0232558139534883,0.0232558139534883,0.0232558139534883,0.0232558139534883,0.0232558139534883,0.0232558139534883,0.0232558139534883,0.0232558139534883,19,2.9444389791664403,18,-1.0,-1.8369701987210294e-16,0.1162790697674418,18.465648148148148,East_Asia_Pac,East_Asia_Pac,0.08807405,0.26813012,0.5648489,0.07894697
1616,4236,Entity 715,3.0,0.03125,0.0364583333333333,0.0364583333333333,0.015625,0.0104166666666666,0.0208333333333333,0.0260416666666666,0.0104166666666666,0.0416666666666666,0.0364583333333333,0.0260416666666666,0.0208333333333333,0.0364583333333333,0.0572916666666666,0.0572916666666666,0.09375,0.078125,0.0677083333333333,0.0572916666666666,0.0416666666666666,0.0416666666666666,0.03125,0.09375,0.03125,168,5.123963979403259,5,0.9659258262890684,0.2588190451025207,0.0833333333333333,1784.8257060185183,Euro_Africa,Euro_Africa,0.1973578,0.055072907,0.07160356,0.6759657
1329,3844,Entity 4540,-5.0,0.0416914830256104,0.0553901131625967,0.0780226325193567,0.0637284097677188,0.042287075640262,0.0464562239428231,0.0750446694460988,0.0244192972007147,0.0952948183442525,0.0482430017867778,0.0357355568790947,0.0357355568790947,0.0035735556879094,0.0011911852293031,0.0035735556879094,0.004169148302561,0.0077427039904705,0.0131030375223347,0.0244192972007147,0.0571768910065515,0.0518165574746873,0.0863609291244788,0.0702799285288862,0.0345443716497915,1655,7.411556287811163,14,-0.4999999999999997,-0.8660254037844388,0.0202501488981536,4050.733472222222,America,America,0.64977926,0.06528919,0.1279388,0.15699275
367,474,Entity 1402,5.5,0.0232558139534883,0.0465116279069767,0.0465116279069767,0.1162790697674418,0.0930232558139534,0.0465116279069767,0.0232558139534883,0.0232558139534883,0.0232558139534883,0.0232558139534883,0.0465116279069767,0.0930232558139534,0.0232558139534883,0.0232558139534883,0.0232558139534883,0.0232558139534883,0.1395348837209302,0.0232558139534883,0.0232558139534883,0.0232558139534883,0.0232558139534883,0.0232558139534883,0.0232558139534883,0.0232558139534883,19,2.9444389791664403,19,-0.9659258262890684,0.2588190451025203,0.1162790697674418,56.770833333333336,Central_Asia,East_Asia_Pac,0.10938783,0.23147628,0.61677605,0.042359784
235,288,Entity 1238,-3.0,0.0612244897959183,0.0408163265306122,0.0612244897959183,0.0408163265306122,0.0408163265306122,0.0408163265306122,0.0204081632653061,0.0408163265306122,0.0204081632653061,0.0204081632653061,0.0204081632653061,0.0204081632653061,0.0408163265306122,0.0816326530612244,0.0204081632653061,0.0612244897959183,0.0612244897959183,0.0816326530612244,0.0204081632653061,0.0408163265306122,0.0408163265306122,0.0408163265306122,0.0408163265306122,0.0408163265306122,25,3.218875824868201,8,0.8660254037844387,-0.4999999999999998,0.1224489795918367,335.50118055555555,America,America,0.82459253,0.031731497,0.07107076,0.07260523
572,772,Entity 1663,1.0,0.048780487804878,0.024390243902439,0.048780487804878,0.024390243902439,0.048780487804878,0.024390243902439,0.024390243902439,0.024390243902439,0.024390243902439,0.024390243902439,0.048780487804878,0.048780487804878,0.024390243902439,0.073170731707317,0.048780487804878,0.048780487804878,0.024390243902439,0.0975609756097561,0.048780487804878,0.024390243902439,0.073170731707317,0.073170731707317,0.024390243902439,0.024390243902439,17,2.833213344056216,7,0.9659258262890684,-0.2588190451025206,0.1219512195121951,1898.472662037037,Euro_Africa,Euro_Africa,0.23028582,0.28740534,0.10260575,0.3797031
1836,4530,Entity 90,0.0,0.0136752136752136,0.0085470085470085,0.0068376068376068,0.0017094017094017,0.0017094017094017,0.0017094017094017,0.0017094017094017,0.0461538461538461,0.041025641025641,0.0256410256410256,0.0119658119658119,0.0615384615384615,0.0205128205128205,0.0905982905982906,0.1264957264957265,0.0957264957264957,0.1025641025641025,0.0632478632478632,0.1179487179487179,0.0683760683760683,0.0205128205128205,0.0102564102564102,0.0358974358974358,0.0256410256410256,561,6.329720905522696,4,0.8660254037844386,0.5000000000000001,0.0136752136752136,198.12711805555557,Euro_Africa,Euro_Africa,0.08952847,0.2527241,0.12657875,0.53116864
333,428,Entity 1362,-5.0,0.0759493670886076,0.0759493670886076,0.0126582278481012,0.0126582278481012,0.0253164556962025,0.0126582278481012,0.0126582278481012,0.0126582278481012,0.0126582278481012,0.0126582278481012,0.0126582278481012,0.0253164556962025,0.0126582278481012,0.0126582278481012,0.0126582278481012,0.0379746835443038,0.1139240506329113,0.1392405063291139,0.0632911392405063,0.0253164556962025,0.0253164556962025,0.1392405063291139,0.050632911392405,0.0632911392405063,55,4.007333185232471,7,0.9659258262890684,-0.2588190451025206,0.0632911392405063,511.8881944444444,America,America,0.6072864,0.014849699,0.029459873,0.34840402
1580,4189,Entity 683,-5.0,0.027027027027027,0.027027027027027,0.027027027027027,0.027027027027027,0.1216216216216216,0.0675675675675675,0.0405405405405405,0.0135135135135135,0.027027027027027,0.0135135135135135,0.0135135135135135,0.0135135135135135,0.0135135135135135,0.0135135135135135,0.0405405405405405,0.027027027027027,0.0675675675675675,0.081081081081081,0.0405405405405405,0.0675675675675675,0.054054054054054,0.027027027027027,0.0675675675675675,0.081081081081081,50,3.912023005428146,11,0.258819045102521,-0.9659258262890682,0.0675675675675675,569.3675,America,America,0.83648336,0.031088388,0.050456047,0.08197224
120,150,Entity 1113,8.0,0.0307692307692307,0.0153846153846153,0.0153846153846153,0.0615384615384615,0.0307692307692307,0.0615384615384615,0.0461538461538461,0.0615384615384615,0.0307692307692307,0.0153846153846153,0.0153846153846153,0.0615384615384615,0.0461538461538461,0.0307692307692307,0.1076923076923077,0.0769230769230769,0.0769230769230769,0.0769230769230769,0.0307692307692307,0.0153846153846153,0.0307692307692307,0.0153846153846153,0.0153846153846153,0.0307692307692307,41,3.713572066704308,20,-0.8660254037844386,0.5000000000000001,0.1076923076923077,167.84702546296296,East_Asia_Pac,East_Asia_Pac,0.2073465,0.27033114,0.4114834,0.110838905
1552,4152,Entity 658,-5.0,0.0307692307692307,0.0769230769230769,0.0769230769230769,0.0307692307692307,0.123076923076923,0.0307692307692307,0.0461538461538461,0.0307692307692307,0.0461538461538461,0.0307692307692307,0.0153846153846153,0.0461538461538461,0.0461538461538461,0.0153846153846153,0.0307692307692307,0.0153846153846153,0.0461538461538461,0.0307692307692307,0.0153846153846153,0.0615384615384615,0.0307692307692307,0.0615384615384615,0.0461538461538461,0.0153846153846153,41,3.713572066704308,15,-0.7071067811865471,-0.7071067811865479,0.1384615384615384,1809.8204861111112,America,America,0.46064752,0.12574027,0.25847477,0.15513742
1538,4134,Entity 644,5.5,0.0263157894736842,0.0263157894736842,0.0526315789473684,0.1052631578947368,0.0789473684210526,0.0263157894736842,0.0394736842105263,0.0394736842105263,0.0263157894736842,0.0921052631578947,0.0394736842105263,0.0263157894736842,0.0394736842105263,0.0921052631578947,0.0526315789473684,0.0263157894736842,0.0263157894736842,0.0789473684210526,0.0263157894736842,0.0131578947368421,0.0131578947368421,0.0131578947368421,0.0263157894736842,0.0131578947368421,52,3.951243718581428,21,-0.7071067811865477,0.7071067811865474,0.0789473684210526,722.2896875,Central_Asia,Central_Asia,0.083550714,0.46998042,0.37425268,0.072216205
903,1954,Entity 2705,-6.0,0.0617283950617283,0.074074074074074,0.037037037037037,0.0246913580246913,0.0123456790123456,0.0123456790123456,0.037037037037037,0.037037037037037,0.0123456790123456,0.037037037037037,0.0246913580246913,0.037037037037037,0.037037037037037,0.037037037037037,0.0864197530864197,0.0864197530864197,0.0864197530864197,0.0246913580246913,0.0246913580246913,0.0246913580246913,0.0617283950617283,0.037037037037037,0.037037037037037,0.0493827160493827,57,4.04305126783455,6,1.0,6.123233995736766e-17,0.1111111111111111,2013.745,America,Euro_Africa,0.29028952,0.053999703,0.11500332,0.5407074
1872,4583,Entity 931,5.5,0.0793650793650793,0.0952380952380952,0.0793650793650793,0.0317460317460317,0.0317460317460317,0.0158730158730158,0.0317460317460317,0.0634920634920634,0.0793650793650793,0.0317460317460317,0.0476190476190476,0.0317460317460317,0.0158730158730158,0.0317460317460317,0.0634920634920634,0.0476190476190476,0.0634920634920634,0.0158730158730158,0.0476190476190476,0.0158730158730158,0.0158730158730158,0.0158730158730158,0.0158730158730158,0.0317460317460317,39,3.6635616461296463,21,-0.7071067811865477,0.7071067811865474,0.0952380952380952,408.9250462962963,Central_Asia,East_Asia_Pac,0.13801807,0.119331144,0.5996896,0.14296114
465,605,Entity 1517,-5.0,0.0895522388059701,0.0597014925373134,0.0149253731343283,0.044776119402985,0.044776119402985,0.044776119402985,0.0149253731343283,0.0298507462686567,0.0149253731343283,0.0298507462686567,0.0298507462686567,0.0149253731343283,0.0149253731343283,0.0298507462686567,0.0149253731343283,0.044776119402985,0.0597014925373134,0.1641791044776119,0.0298507462686567,0.044776119402985,0.0149253731343283,0.0298507462686567,0.0746268656716417,0.044776119402985,43,3.7612001156935615,10,0.4999999999999999,-0.8660254037844387,0.1044776119402985,460.3992361111111,America,America,0.57406646,0.058439188,0.21328183,0.15421249
1234,3633,Entity 432,-8.0,0.0520833333333333,0.0208333333333333,0.0208333333333333,0.0416666666666666,0.0416666666666666,0.0208333333333333,0.0416666666666666,0.0520833333333333,0.0104166666666666,0.0104166666666666,0.03125,0.03125,0.0416666666666666,0.03125,0.0520833333333333,0.03125,0.03125,0.0729166666666666,0.0729166666666666,0.0520833333333333,0.0625,0.0833333333333333,0.0416666666666666,0.0520833333333333,72,4.276666119016055,10,0.4999999999999999,-0.8660254037844387,0.125,293.4421875,America,America,0.44129303,0.09498041,0.09384855,0.36987802
998,2512,Entity 314,1.0,0.006150061500615,0.003690036900369,0.001230012300123,0.003690036900369,0.011070110701107,0.009840098400984,0.007380073800738,0.004920049200492,0.008610086100861,0.014760147601476,0.022140221402214,0.029520295202952,0.038130381303813,0.045510455104551,0.054120541205412,0.068880688806888,0.1008610086100861,0.1279212792127921,0.0984009840098401,0.068880688806888,0.076260762607626,0.079950799507995,0.076260762607626,0.041820418204182,789,6.670766320845874,2,0.4999999999999999,0.8660254037844387,0.025830258302583,2707.849513888889,Euro_Africa,Euro_Africa,0.2898526,0.03317122,0.023944592,0.6530316
1583,4192,Entity 687,8.0,0.024390243902439,0.0121951219512195,0.0121951219512195,0.0121951219512195,0.024390243902439,0.0365853658536585,0.0121951219512195,0.0365853658536585,0.0365853658536585,0.0121951219512195,0.0975609756097561,0.073170731707317,0.0609756097560975,0.048780487804878,0.073170731707317,0.0365853658536585,0.1219512195121951,0.048780487804878,0.0121951219512195,0.0609756097560975,0.0365853658536585,0.0609756097560975,0.0365853658536585,0.0121951219512195,58,4.060443010546419,1,0.2588190451025207,0.9659258262890684,0.073170731707317,1677.3040509259258,East_Asia_Pac,Euro_Africa,0.09266956,0.10865113,0.080143586,0.7185357
1772,4446,Entity 844,-5.0,0.0526315789473684,0.0175438596491228,0.0350877192982456,0.1052631578947368,0.0175438596491228,0.087719298245614,0.0350877192982456,0.0350877192982456,0.0350877192982456,0.0350877192982456,0.0175438596491228,0.0350877192982456,0.0175438596491228,0.0175438596491228,0.0175438596491228,0.0350877192982456,0.0350877192982456,0.0526315789473684,0.0701754385964912,0.0526315789473684,0.0526315789473684,0.0175438596491228,0.0526315789473684,0.0701754385964912,33,3.49650756146648,12,1.2246467991473532e-16,-1.0,0.1052631578947368,1647.983912037037,America,America,0.43994066,0.15342413,0.1741841,0.23245111
755,1282,Entity 212,3.0,0.0176991150442477,0.0265486725663716,0.0176991150442477,0.0353982300884955,0.0265486725663716,0.0353982300884955,0.0353982300884955,0.0442477876106194,0.0442477876106194,0.0176991150442477,0.0530973451327433,0.0530973451327433,0.0530973451327433,0.0088495575221238,0.0265486725663716,0.0530973451327433,0.0530973451327433,0.0530973451327433,0.0442477876106194,0.0530973451327433,0.0530973451327433,0.1150442477876106,0.0442477876106194,0.0353982300884955,89,4.48863636973214,2,0.4999999999999999,0.8660254037844387,0.1238938053097345,1876.8414930555557,Euro_Africa,Euro_Africa,0.25438595,0.09320332,0.08964486,0.5627659
835,1649,Entity 2455,-5.0,0.0512820512820512,0.0256410256410256,0.0769230769230769,0.0256410256410256,0.0256410256410256,0.1025641025641025,0.0256410256410256,0.0256410256410256,0.0256410256410256,0.0256410256410256,0.0256410256410256,0.0256410256410256,0.0256410256410256,0.0512820512820512,0.0256410256410256,0.0512820512820512,0.0256410256410256,0.0769230769230769,0.0256410256410256,0.0512820512820512,0.0769230769230769,0.0256410256410256,0.0769230769230769,0.0256410256410256,15,2.70805020110221,8,0.8660254037844387,-0.4999999999999998,0.1282051282051282,604.1802662037037,America,America,0.41166848,0.18690981,0.15211684,0.24930488
1735,4398,Entity 815,8.0,0.1159420289855072,0.0434782608695652,0.0144927536231884,0.0434782608695652,0.072463768115942,0.1014492753623188,0.1304347826086956,0.0289855072463768,0.0144927536231884,0.0434782608695652,0.0144927536231884,0.0434782608695652,0.072463768115942,0.0289855072463768,0.0434782608695652,0.0434782608695652,0.0289855072463768,0.0289855072463768,0.0144927536231884,0.0144927536231884,0.0144927536231884,0.0144927536231884,0.0144927536231884,0.0144927536231884,45,3.80666248977032,20,-0.8660254037844386,0.5000000000000001,0.072463768115942,133.97987268518517,East_Asia_Pac,East_Asia_Pac,0.053970434,0.16426149,0.730663,0.0511051
153,187,Entity 1143,7.0,0.0181818181818181,0.0181818181818181,0.0727272727272727,0.0545454545454545,0.0545454545454545,0.0545454545454545,0.0363636363636363,0.0363636363636363,0.0727272727272727,0.0363636363636363,0.0727272727272727,0.0727272727272727,0.0545454545454545,0.0181818181818181,0.0363636363636363,0.0545454545454545,0.0727272727272727,0.0363636363636363,0.0181818181818181,0.0181818181818181,0.0181818181818181,0.0181818181818181,0.0181818181818181,0.0363636363636363,31,3.4339872044851463,20,-0.8660254037844386,0.5000000000000001,0.0909090909090909,2888.994039351852,East_Asia_Pac,East_Asia_Pac,0.05554202,0.28067103,0.6005875,0.06319945
438,567,Entity 1484,8.0,0.0425531914893617,0.0638297872340425,0.0638297872340425,0.0425531914893617,0.0212765957446808,0.0638297872340425,0.0212765957446808,0.0638297872340425,0.0425531914893617,0.0212765957446808,0.0212765957446808,0.0425531914893617,0.0425531914893617,0.0851063829787234,0.0638297872340425,0.0851063829787234,0.0425531914893617,0.0212765957446808,0.0212765957446808,0.0425531914893617,0.0212765957446808,0.0212765957446808,0.0212765957446808,0.0212765957446808,23,3.1354942159291497,19,-0.9659258262890684,0.2588190451025203,0.1276595744680851,133.32849537037038,East_Asia_Pac,East_Asia_Pac,0.10259401,0.1623712,0.6328309,0.10220386
887,1872,Entity 26351,1.0,0.0256410256410256,0.0256410256410256,0.0256410256410256,0.0256410256410256,0.0256410256410256,0.0256410256410256,0.0256410256410256,0.0769230769230769,0.1282051282051282,0.0256410256410256,0.0256410256410256,0.0256410256410256,0.0256410256410256,0.0256410256410256,0.0256410256410256,0.0512820512820512,0.0512820512820512,0.0512820512820512,0.0256410256410256,0.0512820512820512,0.0769230769230769,0.0512820512820512,0.0512820512820512,0.0512820512820512,15,2.70805020110221,2,0.4999999999999999,0.8660254037844387,0.1282051282051282,3486.187974537037,Euro_Africa,Euro_Africa,0.24231711,0.058579136,0.058519002,0.64058477
1307,3802,Entity 4483,3.0,0.0327868852459016,0.0163934426229508,0.0163934426229508,0.0163934426229508,0.0163934426229508,0.0327868852459016,0.0327868852459016,0.0327868852459016,0.0655737704918032,0.0491803278688524,0.0983606557377049,0.0163934426229508,0.0327868852459016,0.0491803278688524,0.0163934426229508,0.0163934426229508,0.0491803278688524,0.0327868852459016,0.0655737704918032,0.0655737704918032,0.0491803278688524,0.0655737704918032,0.0983606557377049,0.0327868852459016,37,3.610917912644224,2,0.4999999999999999,0.8660254037844387,0.0983606557377049,492.8441203703704,Euro_Africa,Euro_Africa,0.12303925,0.04475015,0.04723133,0.7849793
1204,3576,Entity 4265,7.0,0.0789473684210526,0.0789473684210526,0.0131578947368421,0.0394736842105263,0.0657894736842105,0.0789473684210526,0.0263157894736842,0.0526315789473684,0.0526315789473684,0.0657894736842105,0.0263157894736842,0.0263157894736842,0.0131578947368421,0.0263157894736842,0.1052631578947368,0.0394736842105263,0.0394736842105263,0.0394736842105263,0.0131578947368421,0.0131578947368421,0.0131578947368421,0.0263157894736842,0.0131578947368421,0.0526315789473684,52,3.951243718581428,20,-0.8660254037844386,0.5000000000000001,0.0789473684210526,207.49059027777776,East_Asia_Pac,East_Asia_Pac,0.17174731,0.054573867,0.6940941,0.07958466
729,1184,Entity 203,5.0,0.0119760479041916,0.0059880239520958,0.0059880239520958,0.0119760479041916,0.0059880239520958,0.0059880239520958,0.0119760479041916,0.0658682634730539,0.0838323353293413,0.1017964071856287,0.059880239520958,0.0419161676646706,0.1017964071856287,0.1017964071856287,0.0778443113772455,0.0239520958083832,0.0179640718562874,0.0059880239520958,0.0179640718562874,0.059880239520958,0.0958083832335329,0.059880239520958,0.0119760479041916,0.0119760479041916,143,4.962844630259907,3,0.7071067811865475,0.7071067811865476,0.0359281437125748,458.9693518518519,Central_Asia,Euro_Africa,0.024809353,0.09471659,0.05169429,0.82877976
24,32,Entity 1021,13.0,0.06,0.02,0.02,0.02,0.02,0.06,0.1,0.16,0.02,0.02,0.04,0.02,0.02,0.02,0.02,0.02,0.02,0.02,0.02,0.14,0.04,0.04,0.02,0.06,26,3.258096538021482,13,-0.2588190451025208,-0.9659258262890684,0.1,100.0583912037037,East_Asia_Pac,America,0.40894413,0.08564203,0.16057569,0.34483817
242,299,Entity 1246,2.0,0.0133333333333333,0.0088888888888888,0.0088888888888888,0.0044444444444444,0.0133333333333333,0.0222222222222222,0.0311111111111111,0.0977777777777777,0.0977777777777777,0.0933333333333333,0.0444444444444444,0.0488888888888888,0.0355555555555555,0.0577777777777777,0.0711111111111111,0.0488888888888888,0.0533333333333333,0.04,0.04,0.0488888888888888,0.04,0.0577777777777777,0.0177777777777777,0.0044444444444444,201,5.303304908059076,1,0.2588190451025207,0.9659258262890684,0.0399999999999999,811.4470717592593,Euro_Africa,Euro_Africa,0.02462802,0.12224776,0.02825271,0.8248715
1789,4465,Entity 86,-6.0,0.0859375,0.05078125,0.076171875,0.041015625,0.03125,0.0390625,0.0234375,0.017578125,0.015625,0.015625,0.01171875,0.01171875,0.01953125,0.017578125,0.021484375,0.03515625,0.033203125,0.046875,0.0703125,0.0625,0.052734375,0.068359375,0.08984375,0.0625,488,6.190315405853148,9,0.7071067811865476,-0.7071067811865475,0.072265625,812.7763310185185,America,America,0.9248177,0.011888054,0.017844992,0.04544922
596,811,Entity 170,9.0,0.04375,0.03125,0.034375,0.028125,0.05,0.028125,0.025,0.021875,0.021875,0.034375,0.0625,0.028125,0.05625,0.0625,0.128125,0.071875,0.040625,0.034375,0.034375,0.009375,0.10625,0.009375,0.025,0.0125,296,5.69035945432406,23,-0.2588190451025215,0.965925826289068,0.121875,2811.3181134259257,East_Asia_Pac,Central_Asia,0.13538189,0.35507837,0.30775797,0.20178175
340,436,Entity 1369,5.5,0.0217391304347826,0.0217391304347826,0.0217391304347826,0.0217391304347826,0.0434782608695652,0.0217391304347826,0.0434782608695652,0.0434782608695652,0.0434782608695652,0.0217391304347826,0.108695652173913,0.0217391304347826,0.0217391304347826,0.0217391304347826,0.0434782608695652,0.0652173913043478,0.0434782608695652,0.0217391304347826,0.0869565217391304,0.0434782608695652,0.0217391304347826,0.0217391304347826,0.1521739130434782,0.0217391304347826,22,3.091042453358316,1,0.2588190451025207,0.9659258262890684,0.108695652173913,237.1878587962963,Central_Asia,Central_Asia,0.16840999,0.37143552,0.20227528,0.25787923
1515,4105,Entity 6268,11.0,0.0714285714285714,0.0357142857142857,0.0446428571428571,0.0089285714285714,0.0178571428571428,0.0446428571428571,0.0267857142857142,0.0178571428571428,0.0357142857142857,0.0178571428571428,0.0267857142857142,0.0625,0.0357142857142857,0.0982142857142857,0.0535714285714285,0.0267857142857142,0.0178571428571428,0.0446428571428571,0.0267857142857142,0.0803571428571428,0.0535714285714285,0.0446428571428571,0.0357142857142857,0.0714285714285714,88,4.477336814478207,5,0.9659258262890684,0.2588190451025207,0.1160714285714285,563.5061226851852,East_Asia_Pac,Euro_Africa,0.43372086,0.041759524,0.062368054,0.4621516
1780,4455,Entity 8513,7.0,0.072463768115942,0.0579710144927536,0.0434782608695652,0.0434782608695652,0.0434782608695652,0.144927536231884,0.0434782608695652,0.0289855072463768,0.0289855072463768,0.0434782608695652,0.1014492753623188,0.0434782608695652,0.0434782608695652,0.0579710144927536,0.0144927536231884,0.0289855072463768,0.0289855072463768,0.0144927536231884,0.0144927536231884,0.0144927536231884,0.0144927536231884,0.0144927536231884,0.0144927536231884,0.0434782608695652,45,3.80666248977032,19,-0.9659258262890684,0.2588190451025203,0.072463768115942,117.07885416666667,East_Asia_Pac,East_Asia_Pac,0.059444033,0.06724736,0.8309466,0.04236203
154,188,Entity 1144,5.5,0.0188679245283018,0.0188679245283018,0.0943396226415094,0.0188679245283018,0.0188679245283018,0.0188679245283018,0.0754716981132075,0.0377358490566037,0.0188679245283018,0.0188679245283018,0.0377358490566037,0.1509433962264151,0.0188679245283018,0.0754716981132075,0.0566037735849056,0.0377358490566037,0.0943396226415094,0.0566037735849056,0.0377358490566037,0.0188679245283018,0.0188679245283018,0.0188679245283018,0.0188679245283018,0.0188679245283018,29,3.367295829986474,21,-0.7071067811865477,0.7071067811865474,0.0943396226415094,115.9852199074074,Central_Asia,Central_Asia,0.088236086,0.5487457,0.26192626,0.10109196
646,924,Entity 1800,-3.0,0.0535714285714285,0.0357142857142857,0.0535714285714285,0.0178571428571428,0.0714285714285714,0.0535714285714285,0.0357142857142857,0.0357142857142857,0.0357142857142857,0.0178571428571428,0.0178571428571428,0.0178571428571428,0.0178571428571428,0.0178571428571428,0.0178571428571428,0.0357142857142857,0.0892857142857142,0.0357142857142857,0.0535714285714285,0.0714285714285714,0.0714285714285714,0.0535714285714285,0.0535714285714285,0.0357142857142857,32,3.4657359027997265,11,0.258819045102521,-0.9659258262890682,0.0892857142857142,522.7268518518518,America,America,0.870089,0.021629283,0.034210004,0.07407171
1576,4184,Entity 68,0.0,0.0436363636363636,0.0618181818181818,0.0545454545454545,0.029090909090909,0.0581818181818181,0.0509090909090909,0.0509090909090909,0.0509090909090909,0.1018181818181818,0.0763636363636363,0.069090909090909,0.0727272727272727,0.0618181818181818,0.0545454545454545,0.0181818181818181,0.0509090909090909,0.04,0.0181818181818181,0.0072727272727272,0.0036363636363636,0.0036363636363636,0.0036363636363636,0.0072727272727272,0.0109090909090909,251,5.525452939131784,20,-0.8660254037844386,0.5000000000000001,0.0254545454545454,775.4470833333334,Euro_Africa,East_Asia_Pac,0.05947104,0.18742904,0.7009975,0.0521025
1158,3497,Entity 4189,8.0,0.0208333333333333,0.0833333333333333,0.0416666666666666,0.0625,0.0833333333333333,0.0416666666666666,0.0625,0.2291666666666666,0.0416666666666666,0.0208333333333333,0.0208333333333333,0.0416666666666666,0.0208333333333333,0.0208333333333333,0.0208333333333333,0.0208333333333333,0.0208333333333333,0.0208333333333333,0.0208333333333333,0.0208333333333333,0.0208333333333333,0.0208333333333333,0.0208333333333333,0.0208333333333333,24,3.1780538303479458,14,-0.4999999999999997,-0.8660254037844388,0.1041666666666666,159.15416666666667,East_Asia_Pac,East_Asia_Pac,0.08143127,0.2096471,0.6769181,0.03200354
1451,4015,Entity 568,1.0,0.0454545454545454,0.0681818181818181,0.0227272727272727,0.0681818181818181,0.0227272727272727,0.0227272727272727,0.0227272727272727,0.0227272727272727,0.0227272727272727,0.0227272727272727,0.0227272727272727,0.0454545454545454,0.0227272727272727,0.0227272727272727,0.1136363636363636,0.0454545454545454,0.0681818181818181,0.0227272727272727,0.0227272727272727,0.0454545454545454,0.0454545454545454,0.0454545454545454,0.0454545454545454,0.0909090909090909,20,2.995732273553991,6,1.0,6.123233995736766e-17,0.1136363636363636,3829.309328703704,Euro_Africa,America,0.54065245,0.032270055,0.08520043,0.341877
1219,3608,Entity 4298,7.0,0.0095238095238095,0.0761904761904762,0.0857142857142857,0.1238095238095238,0.1333333333333333,0.0285714285714285,0.0666666666666666,0.0571428571428571,0.0857142857142857,0.0380952380952381,0.0857142857142857,0.0095238095238095,0.0285714285714285,0.019047619047619,0.0476190476190476,0.0095238095238095,0.0285714285714285,0.0095238095238095,0.0095238095238095,0.0095238095238095,0.0095238095238095,0.0095238095238095,0.0095238095238095,0.0095238095238095,81,4.394449154672439,19,-0.9659258262890684,0.2588190451025203,0.0476190476190476,2222.2442592592597,East_Asia_Pac,East_Asia_Pac,0.05260401,0.24718855,0.65064585,0.049561538
250,309,Entity 1254,7.0,0.0208333333333333,0.0208333333333333,0.0416666666666666,0.0833333333333333,0.1458333333333333,0.0625,0.0208333333333333,0.0416666666666666,0.1666666666666666,0.0416666666666666,0.0416666666666666,0.0208333333333333,0.0208333333333333,0.0416666666666666,0.0208333333333333,0.0416666666666666,0.0208333333333333,0.0208333333333333,0.0208333333333333,0.0208333333333333,0.0208333333333333,0.0208333333333333,0.0208333333333333,0.0208333333333333,24,3.1780538303479458,18,-1.0,-1.8369701987210294e-16,0.1041666666666666,112.0452662037037,East_Asia_Pac,East_Asia_Pac,0.055992864,0.31193042,0.59365404,0.03842264
1553,4153,Entity 659,5.5,0.0117647058823529,0.0352941176470588,0.1176470588235294,0.0117647058823529,0.0470588235294117,0.0352941176470588,0.0705882352941176,0.0235294117647058,0.0352941176470588,0.0470588235294117,0.0235294117647058,0.0235294117647058,0.0470588235294117,0.0470588235294117,0.1058823529411764,0.1058823529411764,0.0352941176470588,0.0352941176470588,0.0352941176470588,0.0352941176470588,0.0352941176470588,0.0117647058823529,0.0117647058823529,0.0117647058823529,61,4.110873864173311,22,-0.5000000000000004,0.8660254037844384,0.0823529411764705,957.1956828703704,Central_Asia,Central_Asia,0.063945584,0.5368696,0.17091608,0.22826876
1292,3774,Entity 4456,8.0,0.0714285714285714,0.2571428571428571,0.0464285714285714,0.1392857142857143,0.0785714285714285,0.0428571428571428,0.0178571428571428,0.0357142857142857,0.0214285714285714,0.0178571428571428,0.0571428571428571,0.0285714285714285,0.0071428571428571,0.0785714285714285,0.0071428571428571,0.0357142857142857,0.0178571428571428,0.0178571428571428,0.0035714285714285,0.0035714285714285,0.0035714285714285,0.0035714285714285,0.0035714285714285,0.0035714285714285,256,5.545177444479562,20,-0.8660254037844386,0.5000000000000001,0.0178571428571428,273.2708449074074,East_Asia_Pac,East_Asia_Pac,0.2006775,0.1098007,0.6569918,0.03253006
453,588,Entity 1501,5.5,0.0222222222222222,0.0222222222222222,0.0222222222222222,0.0222222222222222,0.0444444444444444,0.0444444444444444,0.0666666666666666,0.0222222222222222,0.0222222222222222,0.0666666666666666,0.0666666666666666,0.0444444444444444,0.0222222222222222,0.0666666666666666,0.1111111111111111,0.0222222222222222,0.1111111111111111,0.0666666666666666,0.0222222222222222,0.0222222222222222,0.0222222222222222,0.0222222222222222,0.0222222222222222,0.0222222222222222,21,3.044522437723423,20,-0.8660254037844386,0.5000000000000001,0.1111111111111111,120.88152777777778,Central_Asia,Central_Asia,0.034713086,0.63767976,0.26677242,0.060834784
95,116,Entity 1089,-6.0,0.037037037037037,0.037037037037037,0.0555555555555555,0.074074074074074,0.074074074074074,0.074074074074074,0.037037037037037,0.0185185185185185,0.037037037037037,0.0185185185185185,0.0185185185185185,0.0185185185185185,0.0185185185185185,0.037037037037037,0.0185185185185185,0.037037037037037,0.0555555555555555,0.037037037037037,0.037037037037037,0.037037037037037,0.037037037037037,0.1111111111111111,0.0185185185185185,0.0555555555555555,30,3.4011973816621555,9,0.7071067811865476,-0.7071067811865475,0.1111111111111111,253.30322916666665,America,America,0.8283302,0.04018805,0.07802695,0.05345481
1862,4570,Entity 9211,-5.0,0.0839160839160839,0.0629370629370629,0.0489510489510489,0.0209790209790209,0.0279720279720279,0.0139860139860139,0.0209790209790209,0.0139860139860139,0.0069930069930069,0.0069930069930069,0.0139860139860139,0.0069930069930069,0.0139860139860139,0.0209790209790209,0.0279720279720279,0.0629370629370629,0.0279720279720279,0.0419580419580419,0.0559440559440559,0.0839160839160839,0.0839160839160839,0.0629370629370629,0.0769230769230769,0.1118881118881118,119,4.77912349311153,9,0.7071067811865476,-0.7071067811865475,0.0489510489510489,197.6251388888889,America,America,0.87389123,0.013870438,0.026244147,0.085994214
1617,4239,Entity 717,-6.0,0.0192307692307692,0.0192307692307692,0.0576923076923076,0.0192307692307692,0.0192307692307692,0.0384615384615384,0.0192307692307692,0.0192307692307692,0.0192307692307692,0.0192307692307692,0.0192307692307692,0.0192307692307692,0.0192307692307692,0.0192307692307692,0.0192307692307692,0.0192307692307692,0.0769230769230769,0.0576923076923076,0.173076923076923,0.1346153846153846,0.1153846153846153,0.0384615384615384,0.0192307692307692,0.0192307692307692,28,3.332204510175204,8,0.8660254037844387,-0.4999999999999998,0.0961538461538461,13.52008101851852,America,America,0.54264265,0.17577468,0.082030825,0.19955185
159,195,Entity 11505,7.0,0.0606060606060606,0.0606060606060606,0.0454545454545454,0.0454545454545454,0.0151515151515151,0.0151515151515151,0.0151515151515151,0.0454545454545454,0.0757575757575757,0.0303030303030303,0.0151515151515151,0.0454545454545454,0.0909090909090909,0.1212121212121212,0.0757575757575757,0.0454545454545454,0.0606060606060606,0.0151515151515151,0.0151515151515151,0.0151515151515151,0.0151515151515151,0.0151515151515151,0.0303030303030303,0.0303030303030303,42,3.737669618283368,19,-0.9659258262890684,0.2588190451025203,0.0757575757575757,125.07949074074074,East_Asia_Pac,East_Asia_Pac,0.08551025,0.05325035,0.78397226,0.07726714
946,2246,Entity 292,3.5,0.05,0.1125,0.075,0.0625,0.0125,0.0125,0.0625,0.025,0.05,0.0125,0.025,0.0125,0.0125,0.0375,0.025,0.0625,0.025,0.025,0.0125,0.025,0.025,0.05,0.0875,0.1,56,4.02535169073515,11,0.258819045102521,-0.9659258262890682,0.1,2927.9426851851854,Central_Asia,America,0.7281719,0.027150312,0.16677935,0.0778984
610,837,Entity 1722,8.0,0.1162790697674418,0.0930232558139534,0.0930232558139534,0.0465116279069767,0.0232558139534883,0.0465116279069767,0.0465116279069767,0.0232558139534883,0.0465116279069767,0.0697674418604651,0.0232558139534883,0.0232558139534883,0.0232558139534883,0.0465116279069767,0.0697674418604651,0.0232558139534883,0.0232558139534883,0.0232558139534883,0.0232558139534883,0.0232558139534883,0.0232558139534883,0.0232558139534883,0.0232558139534883,0.0232558139534883,19,2.9444389791664403,17,-0.9659258262890684,-0.2588190451025206,0.1162790697674418,698.5334375,East_Asia_Pac,East_Asia_Pac,0.17193152,0.21557243,0.525959,0.086537
443,573,Entity 149,1.0,0.0114285714285714,0.0114285714285714,0.0057142857142857,0.0057142857142857,0.0057142857142857,0.0514285714285714,0.04,0.0685714285714285,0.0914285714285714,0.0457142857142857,0.0228571428571428,0.0342857142857142,0.0114285714285714,0.0457142857142857,0.0171428571428571,0.0342857142857142,0.1314285714285714,0.1085714285714285,0.1371428571428571,0.0514285714285714,0.0285714285714285,0.0114285714285714,0.0171428571428571,0.0114285714285714,151,5.017279836814924,2,0.4999999999999999,0.8660254037844387,0.04,1130.071226851852,Euro_Africa,Central_Asia,0.053557955,0.5709579,0.08390063,0.2915835
1824,4516,Entity 8880,7.0,0.0256410256410256,0.0512820512820512,0.0256410256410256,0.0256410256410256,0.0769230769230769,0.0512820512820512,0.0769230769230769,0.0769230769230769,0.0512820512820512,0.0256410256410256,0.0512820512820512,0.0256410256410256,0.0512820512820512,0.0256410256410256,0.0256410256410256,0.0512820512820512,0.0512820512820512,0.0256410256410256,0.0512820512820512,0.0512820512820512,0.0256410256410256,0.0256410256410256,0.0256410256410256,0.0256410256410256,15,2.70805020110221,22,-0.5000000000000004,0.8660254037844384,0.1282051282051282,1096.2142361111112,East_Asia_Pac,Central_Asia,0.2127768,0.33552435,0.26624495,0.18545386
231,283,Entity 1232,8.0,0.0208333333333333,0.0833333333333333,0.1666666666666666,0.0208333333333333,0.0208333333333333,0.0208333333333333,0.0416666666666666,0.0416666666666666,0.0416666666666666,0.0833333333333333,0.0416666666666666,0.0625,0.0625,0.0833333333333333,0.0208333333333333,0.0208333333333333,0.0208333333333333,0.0208333333333333,0.0208333333333333,0.0208333333333333,0.0208333333333333,0.0208333333333333,0.0208333333333333,0.0208333333333333,24,3.1780538303479458,16,-0.8660254037844384,-0.5000000000000004,0.1041666666666666,104.35108796296296,East_Asia_Pac,East_Asia_Pac,0.03960465,0.17324246,0.67217875,0.11497412
111,137,Entity 1104,1.0,0.0638297872340425,0.0425531914893617,0.0212765957446808,0.0212765957446808,0.0212765957446808,0.0212765957446808,0.0212765957446808,0.0212765957446808,0.0212765957446808,0.0638297872340425,0.0425531914893617,0.0425531914893617,0.0212765957446808,0.0425531914893617,0.0425531914893617,0.0638297872340425,0.0425531914893617,0.0425531914893617,0.0212765957446808,0.0851063829787234,0.0851063829787234,0.0638297872340425,0.0425531914893617,0.0425531914893617,23,3.1354942159291497,4,0.8660254037844386,0.5000000000000001,0.1063829787234042,52.87035879629629,Euro_Africa,Euro_Africa,0.1976111,0.031562734,0.10126042,0.6695658
1871,4581,Entity 93,1.0,0.0090361445783132,0.003012048192771,0.0090361445783132,0.0120481927710843,0.0421686746987951,0.0783132530120482,0.0783132530120482,0.0632530120481927,0.0692771084337349,0.0331325301204819,0.0451807228915662,0.0662650602409638,0.0632530120481927,0.0572289156626506,0.036144578313253,0.036144578313253,0.0542168674698795,0.0271084337349397,0.0542168674698795,0.0512048192771084,0.0271084337349397,0.036144578313253,0.0210843373493975,0.0271084337349397,308,5.730099782973574,1,0.2588190451025207,0.9659258262890684,0.0602409638554216,3898.866770833333,Euro_Africa,Euro_Africa,0.06785109,0.21648806,0.13884325,0.5768176
481,625,Entity 15349,7.0,0.081081081081081,0.0405405405405405,0.1351351351351351,0.0405405405405405,0.0675675675675675,0.0405405405405405,0.0405405405405405,0.054054054054054,0.027027027027027,0.027027027027027,0.0405405405405405,0.054054054054054,0.054054054054054,0.027027027027027,0.0405405405405405,0.0405405405405405,0.054054054054054,0.0405405405405405,0.0135135135135135,0.0135135135135135,0.0135135135135135,0.0135135135135135,0.0135135135135135,0.027027027027027,50,3.912023005428146,20,-0.8660254037844386,0.5000000000000001,0.0675675675675675,242.0115277777778,East_Asia_Pac,East_Asia_Pac,0.07118938,0.115070425,0.7551594,0.058580842
40,50,Entity 1033,-5.0,0.0909090909090909,0.0568181818181818,0.0568181818181818,0.0909090909090909,0.0454545454545454,0.0454545454545454,0.0113636363636363,0.0227272727272727,0.0113636363636363,0.0113636363636363,0.0227272727272727,0.0454545454545454,0.0454545454545454,0.0454545454545454,0.0454545454545454,0.0454545454545454,0.034090909090909,0.034090909090909,0.0454545454545454,0.0227272727272727,0.0568181818181818,0.0113636363636363,0.0568181818181818,0.0454545454545454,64,4.158883083359672,8,0.8660254037844387,-0.4999999999999998,0.0795454545454545,404.06285879629627,America,America,0.6928691,0.08353857,0.1309495,0.09264286
1707,4364,Entity 792,1.0,0.0617283950617283,0.0123456790123456,0.0123456790123456,0.0123456790123456,0.0123456790123456,0.0123456790123456,0.0123456790123456,0.0123456790123456,0.0246913580246913,0.0123456790123456,0.037037037037037,0.0246913580246913,0.0617283950617283,0.0123456790123456,0.1604938271604938,0.0617283950617283,0.0617283950617283,0.0246913580246913,0.074074074074074,0.074074074074074,0.074074074074074,0.0493827160493827,0.0864197530864197,0.0123456790123456,57,4.04305126783455,3,0.7071067811865475,0.7071067811865476,0.0617283950617283,191.68761574074077,Euro_Africa,Euro_Africa,0.26204914,0.04988729,0.040622514,0.6474411
621,866,Entity 175,11.0,0.0392156862745098,0.0784313725490196,0.0196078431372549,0.0196078431372549,0.0784313725490196,0.0980392156862745,0.0392156862745098,0.0196078431372549,0.0392156862745098,0.0784313725490196,0.0196078431372549,0.0392156862745098,0.0196078431372549,0.0588235294117647,0.0588235294117647,0.0784313725490196,0.0196078431372549,0.0588235294117647,0.0196078431372549,0.0196078431372549,0.0196078431372549,0.0196078431372549,0.0392156862745098,0.0196078431372549,27,3.295836866004329,20,-0.8660254037844386,0.5000000000000001,0.1176470588235294,1624.8521296296296,East_Asia_Pac,East_Asia_Pac,0.23493001,0.15215251,0.4931495,0.119767964
1820,4512,Entity 885,0.0,0.0666666666666666,0.0444444444444444,0.0222222222222222,0.0444444444444444,0.0222222222222222,0.0222222222222222,0.0222222222222222,0.0444444444444444,0.0444444444444444,0.0222222222222222,0.0222222222222222,0.0444444444444444,0.0222222222222222,0.0222222222222222,0.0222222222222222,0.0888888888888888,0.0222222222222222,0.0222222222222222,0.0444444444444444,0.2,0.0666666666666666,0.0222222222222222,0.0222222222222222,0.0222222222222222,21,3.044522437723423,12,1.2246467991473532e-16,-1.0,0.1333333333333333,8.45037037037037,Euro_Africa,Euro_Africa,0.30665082,0.18750247,0.19386666,0.3119801
1488,4066,Entity 5983,-5.0,0.1038961038961039,0.0909090909090909,0.0129870129870129,0.0259740259740259,0.0129870129870129,0.0259740259740259,0.0129870129870129,0.0129870129870129,0.0129870129870129,0.0129870129870129,0.0129870129870129,0.0129870129870129,0.0259740259740259,0.0129870129870129,0.0129870129870129,0.0389610389610389,0.0259740259740259,0.0389610389610389,0.0259740259740259,0.0129870129870129,0.0649350649350649,0.0649350649350649,0.1428571428571428,0.1818181818181818,53,3.970291913552122,8,0.8660254037844387,-0.4999999999999998,0.0649350649350649,4333.466412037037,America,America,0.66179866,0.01348285,0.03851779,0.28620076
1873,4585,Entity 932,7.0,0.0158730158730158,0.0158730158730158,0.0476190476190476,0.0317460317460317,0.0317460317460317,0.0317460317460317,0.0793650793650793,0.0317460317460317,0.0634920634920634,0.0476190476190476,0.0158730158730158,0.0317460317460317,0.0317460317460317,0.0952380952380952,0.1746031746031746,0.0793650793650793,0.0317460317460317,0.0158730158730158,0.0158730158730158,0.0158730158730158,0.0158730158730158,0.0158730158730158,0.0317460317460317,0.0317460317460317,39,3.6635616461296463,19,-0.9659258262890684,0.2588190451025203,0.0793650793650793,123.82778935185183,East_Asia_Pac,East_Asia_Pac,0.07278108,0.14078769,0.71512085,0.07131033
976,2398,Entity 3029,-5.0,0.0204081632653061,0.0204081632653061,0.0204081632653061,0.0204081632653061,0.0204081632653061,0.0408163265306122,0.0204081632653061,0.0408163265306122,0.0204081632653061,0.0816326530612244,0.0816326530612244,0.0204081632653061,0.0816326530612244,0.0204081632653061,0.0204081632653061,0.0816326530612244,0.0408163265306122,0.0204081632653061,0.0612244897959183,0.0408163265306122,0.0816326530612244,0.0612244897959183,0.0408163265306122,0.0408163265306122,25,3.218875824868201,2,0.4999999999999999,0.8660254037844387,0.1020408163265306,1075.0972222222222,America,Euro_Africa,0.13260035,0.08796952,0.06359271,0.7158374
747,1241,Entity 208,5.0,0.0013995801259622,0.0013995801259622,0.0041987403778866,0.0027991602519244,0.0034989503149055,0.0160951714485654,0.0342897130860741,0.0748775367389783,0.1154653603918824,0.1161651504548635,0.106368089573128,0.072778166550035,0.0419874037788663,0.0580825752274317,0.0272918124562631,0.0314905528341497,0.0370888733379986,0.039888033589923,0.0643806857942617,0.0713785864240727,0.0461861441567529,0.0223932820153953,0.0076976906927921,0.0027991602519244,1405,7.247792581767846,1,0.2588190451025207,0.9659258262890684,0.0125962211336599,1184.7799652777778,Central_Asia,Euro_Africa,0.02607903,0.28493375,0.051966235,0.637021
323,415,Entity 135,4.0,0.0283286118980169,0.0424929178470254,0.0424929178470254,0.036827195467422,0.0254957507082152,0.0396600566572237,0.0226628895184136,0.0198300283286118,0.0396600566572237,0.0339943342776204,0.0453257790368272,0.0396600566572237,0.0396600566572237,0.0254957507082152,0.0538243626062322,0.0424929178470254,0.0566572237960339,0.0623229461756373,0.0396600566572237,0.0509915014164305,0.0453257790368272,0.0396600566572237,0.0963172804532577,0.0311614730878186,329,5.796057750765372,5,0.9659258262890684,0.2588190451025207,0.1444759206798866,1253.8679861111111,Central_Asia,America,0.44148603,0.07735317,0.09468116,0.38647968
166,203,Entity 1159,8.0,0.0196078431372549,0.1176470588235294,0.0392156862745098,0.0196078431372549,0.0588235294117647,0.0196078431372549,0.0196078431372549,0.0392156862745098,0.0392156862745098,0.0392156862745098,0.0196078431372549,0.0588235294117647,0.0392156862745098,0.1568627450980392,0.0392156862745098,0.0784313725490196,0.0196078431372549,0.0196078431372549,0.0196078431372549,0.0196078431372549,0.0196078431372549,0.0196078431372549,0.0196078431372549,0.0588235294117647,27,3.295836866004329,18,-1.0,-1.8369701987210294e-16,0.0980392156862745,76.66171296296297,East_Asia_Pac,East_Asia_Pac,0.05438223,0.07666665,0.79522294,0.07372819
322,414,Entity 1349,1.0,0.0075187969924812,0.0075187969924812,0.0050125313283208,0.0050125313283208,0.0050125313283208,0.0225563909774436,0.0927318295739348,0.0651629072681704,0.050125313283208,0.0601503759398496,0.037593984962406,0.037593984962406,0.0300751879699248,0.025062656641604,0.0426065162907268,0.0325814536340852,0.06265664160401,0.0601503759398496,0.1228070175438596,0.0526315789473684,0.0576441102756892,0.0601503759398496,0.0325814536340852,0.025062656641604,375,5.926926025970411,2,0.4999999999999999,0.8660254037844387,0.0300751879699248,3958.132118055556,Euro_Africa,Euro_Africa,0.037240073,0.084128305,0.028067276,0.8505643
1324,3837,Entity 4519,1.0,0.0572687224669603,0.0748898678414096,0.0704845814977973,0.0484581497797356,0.0572687224669603,0.039647577092511,0.0484581497797356,0.039647577092511,0.0176211453744493,0.052863436123348,0.0440528634361233,0.026431718061674,0.0220264317180616,0.0308370044052863,0.0308370044052863,0.0352422907488986,0.039647577092511,0.0220264317180616,0.039647577092511,0.0352422907488986,0.0748898678414096,0.0440528634361233,0.0308370044052863,0.0176211453744493,203,5.313205979041787,13,-0.2588190451025208,-0.9659258262890684,0.145374449339207,576.5173842592593,Euro_Africa,America,0.62265515,0.14995019,0.106378354,0.12101634
860,1791,Entity 2566,10.0,0.0394736842105263,0.0526315789473684,0.0263157894736842,0.0526315789473684,0.0394736842105263,0.1052631578947368,0.0921052631578947,0.1184210526315789,0.0657894736842105,0.0526315789473684,0.0526315789473684,0.0789473684210526,0.0263157894736842,0.0131578947368421,0.0263157894736842,0.0131578947368421,0.0131578947368421,0.0131578947368421,0.0131578947368421,0.0263157894736842,0.0131578947368421,0.0263157894736842,0.0263157894736842,0.0131578947368421,52,3.951243718581428,15,-0.7071067811865471,-0.7071067811865479,0.0789473684210526,1647.0327314814815,East_Asia_Pac,East_Asia_Pac,0.1482608,0.17492796,0.56562424,0.11118696
1509,4098,Entity 620,1.0,0.0071428571428571,0.0071428571428571,0.0071428571428571,0.0071428571428571,0.0071428571428571,0.0071428571428571,0.0071428571428571,0.0214285714285714,0.0142857142857142,0.0285714285714285,0.0285714285714285,0.0928571428571428,0.05,0.0571428571428571,0.1071428571428571,0.0928571428571428,0.0571428571428571,0.0714285714285714,0.0714285714285714,0.0857142857142857,0.0642857142857142,0.0642857142857142,0.0285714285714285,0.0142857142857142,116,4.7535901911063645,2,0.4999999999999999,0.8660254037844387,0.0357142857142857,270.84722222222223,Euro_Africa,Euro_Africa,0.037052184,0.07441744,0.032943495,0.8555868
972,2381,Entity 301,5.5,0.0069930069930069,0.0279720279720279,0.0559440559440559,0.0699300699300699,0.0419580419580419,0.0839160839160839,0.0699300699300699,0.1118881118881118,0.0979020979020979,0.0419580419580419,0.0419580419580419,0.0489510489510489,0.0209790209790209,0.0279720279720279,0.0349650349650349,0.0349650349650349,0.0769230769230769,0.0419580419580419,0.0069930069930069,0.0209790209790209,0.0069930069930069,0.0069930069930069,0.0069930069930069,0.0139860139860139,119,4.77912349311153,22,-0.5000000000000004,0.8660254037844384,0.0419580419580419,574.9219328703704,Central_Asia,Central_Asia,0.039223284,0.56529087,0.35682693,0.03865894
1598,4211,Entity 699,5.5,0.0109890109890109,0.0439560439560439,0.0109890109890109,0.0109890109890109,0.0109890109890109,0.0549450549450549,0.0329670329670329,0.0549450549450549,0.0329670329670329,0.0439560439560439,0.0439560439560439,0.1318681318681318,0.0989010989010989,0.0219780219780219,0.0329670329670329,0.0219780219780219,0.0989010989010989,0.0989010989010989,0.0439560439560439,0.0329670329670329,0.0219780219780219,0.0219780219780219,0.0109890109890109,0.0109890109890109,67,4.204692619390966,22,-0.5000000000000004,0.8660254037844384,0.0769230769230769,223.1881712962963,Central_Asia,Central_Asia,0.047320716,0.42485142,0.17149863,0.3563293
1682,4333,Entity 7768,7.0,0.0105263157894736,0.0210526315789473,0.0210526315789473,0.031578947368421,0.0210526315789473,0.0105263157894736,0.0105263157894736,0.0105263157894736,0.0210526315789473,0.0105263157894736,0.031578947368421,0.0526315789473684,0.0421052631578947,0.231578947368421,0.1789473684210526,0.1684210526315789,0.0526315789473684,0.0105263157894736,0.0105263157894736,0.0105263157894736,0.0105263157894736,0.0105263157894736,0.0105263157894736,0.0105263157894736,71,4.262679877041316,19,-0.9659258262890684,0.2588190451025203,0.0526315789473684,2220.6853703703705,East_Asia_Pac,East_Asia_Pac,0.097267695,0.27034003,0.43849906,0.19389324
65,79,Entity 1058,8.0,0.0172413793103448,0.0344827586206896,0.0172413793103448,0.0862068965517241,0.0344827586206896,0.0517241379310344,0.0172413793103448,0.0172413793103448,0.0344827586206896,0.0862068965517241,0.1206896551724138,0.0172413793103448,0.0517241379310344,0.0517241379310344,0.0172413793103448,0.0344827586206896,0.1206896551724138,0.0862068965517241,0.0172413793103448,0.0172413793103448,0.0172413793103448,0.0172413793103448,0.0172413793103448,0.0172413793103448,34,3.5263605246161616,20,-0.8660254037844386,0.5000000000000001,0.0862068965517241,340.566099537037,East_Asia_Pac,East_Asia_Pac,0.063414566,0.36842862,0.49431008,0.07384669
1444,4006,Entity 562,7.0,0.0188679245283018,0.0188679245283018,0.0566037735849056,0.0566037735849056,0.0377358490566037,0.0754716981132075,0.0566037735849056,0.0377358490566037,0.0754716981132075,0.1320754716981132,0.0377358490566037,0.0754716981132075,0.0377358490566037,0.0188679245283018,0.0188679245283018,0.0188679245283018,0.0377358490566037,0.0377358490566037,0.0188679245283018,0.0188679245283018,0.0566037735849056,0.0188679245283018,0.0188679245283018,0.0188679245283018,29,3.367295829986474,23,-0.2588190451025215,0.965925826289068,0.0943396226415094,2067.787094907407,East_Asia_Pac,Central_Asia,0.04989801,0.57794505,0.29603514,0.07612178
1587,4197,Entity 690,-3.0,0.0630914826498422,0.0378548895899053,0.056782334384858,0.0536277602523659,0.0189274447949526,0.0189274447949526,0.0189274447949526,0.0157728706624605,0.0031545741324921,0.0063091482649842,0.0063091482649842,0.0157728706624605,0.0220820189274447,0.0536277602523659,0.056782334384858,0.0630914826498422,0.0630914826498422,0.0599369085173501,0.0662460567823343,0.0725552050473186,0.0630914826498422,0.0757097791798107,0.0441640378548895,0.0441640378548895,293,5.680172609017068,9,0.7071067811865476,-0.7071067811865475,0.0473186119873817,2861.1885185185183,America,America,0.8883769,0.013714351,0.021679994,0.07622874
522,692,Entity 1593,-7.0,0.1025641025641025,0.0512820512820512,0.0769230769230769,0.0256410256410256,0.0256410256410256,0.0256410256410256,0.0512820512820512,0.0256410256410256,0.0256410256410256,0.0256410256410256,0.0256410256410256,0.1025641025641025,0.0256410256410256,0.0256410256410256,0.0769230769230769,0.0512820512820512,0.0256410256410256,0.0256410256410256,0.0256410256410256,0.0769230769230769,0.0256410256410256,0.0256410256410256,0.0256410256410256,0.0256410256410256,15,2.70805020110221,5,0.9659258262890684,0.2588190451025207,0.1538461538461538,344.2085763888889,America,East_Asia_Pac,0.18818887,0.1615303,0.38918573,0.26109508
1547,4145,Entity 652,2.0,0.0208333333333333,0.0208333333333333,0.0208333333333333,0.0208333333333333,0.0208333333333333,0.0208333333333333,0.0208333333333333,0.0208333333333333,0.0416666666666666,0.0416666666666666,0.0625,0.1041666666666666,0.0416666666666666,0.125,0.0208333333333333,0.0416666666666666,0.0416666666666666,0.0208333333333333,0.0625,0.0416666666666666,0.0208333333333333,0.0416666666666666,0.0416666666666666,0.0833333333333333,24,3.1780538303479458,2,0.4999999999999999,0.8660254037844387,0.1041666666666666,414.0942708333333,Euro_Africa,Euro_Africa,0.08226687,0.0754393,0.086711064,0.7555828
163,199,Entity 1154,5.5,0.0416666666666666,0.0625,0.0625,0.0833333333333333,0.0625,0.0625,0.0208333333333333,0.0208333333333333,0.0416666666666666,0.0416666666666666,0.0625,0.0208333333333333,0.0208333333333333,0.0208333333333333,0.0208333333333333,0.0625,0.0833333333333333,0.0625,0.0208333333333333,0.0416666666666666,0.0208333333333333,0.0208333333333333,0.0208333333333333,0.0208333333333333,24,3.1780538303479458,22,-0.5000000000000004,0.8660254037844384,0.1249999999999999,136.47127314814816,Central_Asia,East_Asia_Pac,0.1632431,0.24138385,0.5414186,0.05395444
1092,3171,Entity 379,6.0,0.0125,0.04375,0.025,0.01875,0.05,0.04375,0.04375,0.03125,0.06875,0.06875,0.04375,0.0625,0.05625,0.0375,0.0375,0.05625,0.03125,0.04375,0.04375,0.10625,0.03125,0.025,0.0125,0.00625,136,4.912654885736052,22,-0.5000000000000004,0.8660254037844384,0.0875,157.81716435185186,Central_Asia,Central_Asia,0.09189786,0.527843,0.25541788,0.12484122
990,2482,Entity 311,-5.0,0.02,0.06,0.09,0.12,0.07,0.01,0.02,0.02,0.01,0.01,0.01,0.03,0.04,0.06,0.04,0.06,0.05,0.03,0.04,0.05,0.05,0.05,0.03,0.03,76,4.330733340286331,8,0.8660254037844387,-0.4999999999999998,0.0699999999999999,335.4446990740741,America,America,0.7816185,0.055949736,0.06544132,0.09699049
252,311,Entity 1256,5.5,0.024390243902439,0.024390243902439,0.024390243902439,0.048780487804878,0.048780487804878,0.048780487804878,0.024390243902439,0.0975609756097561,0.073170731707317,0.048780487804878,0.048780487804878,0.048780487804878,0.048780487804878,0.048780487804878,0.024390243902439,0.024390243902439,0.073170731707317,0.048780487804878,0.048780487804878,0.024390243902439,0.024390243902439,0.024390243902439,0.024390243902439,0.024390243902439,17,2.833213344056216,21,-0.7071067811865477,0.7071067811865474,0.1219512195121951,57.8343287037037,Central_Asia,Central_Asia,0.056221295,0.6807923,0.20855229,0.054434117
1163,3504,Entity 4195,8.0,0.1666666666666666,0.0694444444444444,0.0277777777777777,0.0416666666666666,0.1111111111111111,0.0416666666666666,0.0138888888888888,0.0138888888888888,0.0138888888888888,0.0555555555555555,0.0555555555555555,0.0277777777777777,0.0833333333333333,0.0138888888888888,0.0277777777777777,0.0277777777777777,0.0138888888888888,0.0138888888888888,0.0138888888888888,0.0138888888888888,0.0138888888888888,0.0138888888888888,0.0138888888888888,0.1111111111111111,48,3.871201010907891,18,-1.0,-1.8369701987210294e-16,0.0694444444444444,571.8626736111111,East_Asia_Pac,East_Asia_Pac,0.13167697,0.07258712,0.744377,0.051358853
553,747,Entity 1642,-5.0,0.0612244897959183,0.0204081632653061,0.0408163265306122,0.1020408163265306,0.0408163265306122,0.0204081632653061,0.0408163265306122,0.0204081632653061,0.0204081632653061,0.0408163265306122,0.0204081632653061,0.0408163265306122,0.0204081632653061,0.0204081632653061,0.0204081632653061,0.0204081632653061,0.0204081632653061,0.0408163265306122,0.0204081632653061,0.0612244897959183,0.0612244897959183,0.0408163265306122,0.0408163265306122,0.1632653061224489,25,3.218875824868201,14,-0.4999999999999997,-0.8660254037844388,0.1020408163265306,44.8628125,America,America,0.51982605,0.08241364,0.20764373,0.19011655
521,691,Entity 1592,2.0,0.0208333333333333,0.0208333333333333,0.0208333333333333,0.0208333333333333,0.0208333333333333,0.0208333333333333,0.0208333333333333,0.0208333333333333,0.0208333333333333,0.0416666666666666,0.0625,0.0208333333333333,0.0208333333333333,0.0625,0.0208333333333333,0.0208333333333333,0.0208333333333333,0.2083333333333333,0.0833333333333333,0.0416666666666666,0.0833333333333333,0.0625,0.0416666666666666,0.0208333333333333,24,3.1780538303479458,2,0.4999999999999999,0.8660254037844387,0.1041666666666666,32.69451388888889,Euro_Africa,Euro_Africa,0.11249897,0.14792888,0.06581194,0.6737602
382,492,Entity 142,2.0,0.0045454545454545,0.0045454545454545,0.0045454545454545,0.009090909090909,0.0227272727272727,0.0181818181818181,0.0545454545454545,0.0954545454545454,0.0409090909090909,0.0545454545454545,0.0363636363636363,0.05,0.05,0.0681818181818181,0.0727272727272727,0.0409090909090909,0.0409090909090909,0.0363636363636363,0.0727272727272727,0.0818181818181818,0.059090909090909,0.05,0.0181818181818181,0.0136363636363636,196,5.278114659230517,1,0.2588190451025207,0.9659258262890684,0.0363636363636363,384.02872685185184,Euro_Africa,Euro_Africa,0.027160984,0.14261085,0.034868333,0.79535985
631,882,Entity 1764,2.0,0.0217391304347826,0.0217391304347826,0.0434782608695652,0.0434782608695652,0.0652173913043478,0.0217391304347826,0.0217391304347826,0.0217391304347826,0.0434782608695652,0.0217391304347826,0.0434782608695652,0.0434782608695652,0.0434782608695652,0.0652173913043478,0.0434782608695652,0.0652173913043478,0.0434782608695652,0.0652173913043478,0.0217391304347826,0.0217391304347826,0.0434782608695652,0.0434782608695652,0.0652173913043478,0.0652173913043478,22,3.091042453358316,7,0.9659258262890684,-0.2588190451025206,0.1304347826086956,553.6640856481481,Euro_Africa,America,0.3189942,0.22587702,0.2124593,0.24266952
168,205,Entity 1160,8.0,0.0185185185185185,0.0185185185185185,0.0185185185185185,0.0185185185185185,0.0185185185185185,0.0185185185185185,0.0925925925925925,0.0555555555555555,0.037037037037037,0.0185185185185185,0.037037037037037,0.0185185185185185,0.074074074074074,0.037037037037037,0.1666666666666666,0.1481481481481481,0.0185185185185185,0.0185185185185185,0.0185185185185185,0.074074074074074,0.0185185185185185,0.0185185185185185,0.0185185185185185,0.0185185185185185,30,3.4011973816621555,2,0.4999999999999999,0.8660254037844387,0.0925925925925925,28.96274305555556,East_Asia_Pac,Central_Asia,0.077796966,0.4031757,0.30843306,0.21059425
1799,4482,Entity 87,1.0,0.008130081300813,0.0040650406504065,0.0040650406504065,0.0040650406504065,0.0040650406504065,0.0040650406504065,0.008130081300813,0.0121951219512195,0.0447154471544715,0.089430894308943,0.1097560975609756,0.073170731707317,0.073170731707317,0.0609756097560975,0.048780487804878,0.048780487804878,0.0609756097560975,0.065040650406504,0.0691056910569105,0.073170731707317,0.0365853658536585,0.0365853658536585,0.0365853658536585,0.024390243902439,222,5.402677381872279,3,0.7071067811865475,0.7071067811865476,0.0203252032520325,1053.0874884259258,Euro_Africa,Euro_Africa,0.039044242,0.06996572,0.030799245,0.86019075
971,2371,Entity 30028,-6.0,0.075,0.075,0.05,0.025,0.025,0.1,0.05,0.025,0.025,0.075,0.025,0.025,0.05,0.05,0.025,0.025,0.025,0.025,0.05,0.05,0.05,0.025,0.025,0.025,16,2.772588722239781,15,-0.7071067811865471,-0.7071067811865479,0.15,394.1936342592593,America,America,0.3785545,0.24702498,0.14175537,0.2326651
580,783,Entity 1671,2.0,0.0491803278688524,0.0655737704918032,0.0327868852459016,0.0163934426229508,0.0163934426229508,0.0163934426229508,0.0163934426229508,0.0327868852459016,0.0327868852459016,0.0327868852459016,0.0491803278688524,0.0327868852459016,0.0491803278688524,0.081967213114754,0.0327868852459016,0.0327868852459016,0.1147540983606557,0.0491803278688524,0.0491803278688524,0.0491803278688524,0.0327868852459016,0.0163934426229508,0.0491803278688524,0.0491803278688524,37,3.610917912644224,4,0.8660254037844386,0.5000000000000001,0.0983606557377049,1069.2967592592593,Euro_Africa,Euro_Africa,0.20994315,0.080467425,0.14291894,0.5666705
919,2051,Entity 279,2.0,0.075,0.05,0.025,0.025,0.025,0.025,0.05,0.025,0.1,0.05,0.05,0.025,0.025,0.025,0.05,0.05,0.05,0.025,0.05,0.025,0.075,0.025,0.05,0.025,16,2.772588722239781,3,0.7071067811865475,0.7071067811865476,0.15,1335.090717592593,Euro_Africa,Euro_Africa,0.28254297,0.12828462,0.10911424,0.4800582
1228,3623,Entity 4310,-8.0,0.0757575757575757,0.0757575757575757,0.0454545454545454,0.0303030303030303,0.0454545454545454,0.0606060606060606,0.0606060606060606,0.0303030303030303,0.0454545454545454,0.0303030303030303,0.0303030303030303,0.0151515151515151,0.0151515151515151,0.0151515151515151,0.0303030303030303,0.0303030303030303,0.0757575757575757,0.0606060606060606,0.0606060606060606,0.0151515151515151,0.0303030303030303,0.0606060606060606,0.0454545454545454,0.0151515151515151,42,3.737669618283368,11,0.258819045102521,-0.9659258262890682,0.106060606060606,304.61270833333333,America,America,0.56016713,0.11882529,0.21739909,0.10360847
1258,3694,Entity 438,7.0,0.0075757575757575,0.0303030303030303,0.0454545454545454,0.0227272727272727,0.0606060606060606,0.0454545454545454,0.053030303030303,0.0454545454545454,0.106060606060606,0.0833333333333333,0.0454545454545454,0.0454545454545454,0.0606060606060606,0.0303030303030303,0.0833333333333333,0.0227272727272727,0.0303030303030303,0.0151515151515151,0.0378787878787878,0.0303030303030303,0.0454545454545454,0.0151515151515151,0.0227272727272727,0.0151515151515151,108,4.68213122712422,23,-0.2588190451025215,0.965925826289068,0.0909090909090909,193.31826388888888,East_Asia_Pac,Central_Asia,0.059266895,0.6010234,0.17703877,0.16267094
1835,4528,Entity 898,1.0,0.0161290322580645,0.0161290322580645,0.0161290322580645,0.0161290322580645,0.0161290322580645,0.032258064516129,0.064516129032258,0.032258064516129,0.064516129032258,0.0967741935483871,0.032258064516129,0.064516129032258,0.032258064516129,0.0161290322580645,0.0161290322580645,0.064516129032258,0.064516129032258,0.064516129032258,0.0483870967741935,0.064516129032258,0.0483870967741935,0.032258064516129,0.0483870967741935,0.032258064516129,38,3.6375861597263857,2,0.4999999999999999,0.8660254037844387,0.0806451612903225,203.55324074074076,Euro_Africa,Euro_Africa,0.10184206,0.10219221,0.08321858,0.7127471
1864,4572,Entity 923,2.0,0.0444444444444444,0.0111111111111111,0.0111111111111111,0.0111111111111111,0.0333333333333333,0.0333333333333333,0.0777777777777777,0.0666666666666666,0.0666666666666666,0.0333333333333333,0.0444444444444444,0.0222222222222222,0.0444444444444444,0.0777777777777777,0.0333333333333333,0.0444444444444444,0.0888888888888888,0.0666666666666666,0.0555555555555555,0.0333333333333333,0.0333333333333333,0.0333333333333333,0.0222222222222222,0.0111111111111111,66,4.189654742026425,1,0.2588190451025207,0.9659258262890684,0.0888888888888888,460.9816550925926,Euro_Africa,Euro_Africa,0.0750063,0.2532076,0.086710535,0.58507556
1777,4452,Entity 85,-6.0,0.0467289719626168,0.0560747663551401,0.02803738317757,0.0373831775700934,0.02803738317757,0.02803738317757,0.02803738317757,0.02803738317757,0.0093457943925233,0.0093457943925233,0.0093457943925233,0.0093457943925233,0.0093457943925233,0.0186915887850467,0.0747663551401869,0.102803738317757,0.102803738317757,0.0560747663551401,0.0654205607476635,0.0186915887850467,0.0747663551401869,0.0467289719626168,0.0467289719626168,0.0654205607476635,83,4.418840607796598,10,0.4999999999999999,-0.8660254037844387,0.0467289719626168,1559.9318171296295,America,America,0.8167515,0.020197734,0.042512473,0.12053829
1255,3689,Entity 4374,5.5,0.008695652173913,0.008695652173913,0.0347826086956521,0.008695652173913,0.008695652173913,0.0347826086956521,0.1391304347826087,0.0608695652173913,0.0869565217391304,0.0434782608695652,0.0521739130434782,0.0347826086956521,0.0521739130434782,0.0608695652173913,0.0434782608695652,0.1043478260869565,0.0347826086956521,0.1130434782608695,0.008695652173913,0.008695652173913,0.008695652173913,0.017391304347826,0.008695652173913,0.017391304347826,91,4.51085950651685,20,-0.8660254037844386,0.5000000000000001,0.0521739130434782,2073.5983333333334,Central_Asia,Central_Asia,0.022020696,0.5625107,0.23790291,0.1775657
206,251,Entity 1204,-6.0,0.0612244897959183,0.0204081632653061,0.0612244897959183,0.0204081632653061,0.0612244897959183,0.0816326530612244,0.0204081632653061,0.0204081632653061,0.0204081632653061,0.0204081632653061,0.0204081632653061,0.0204081632653061,0.0204081632653061,0.0204081632653061,0.0204081632653061,0.0408163265306122,0.0204081632653061,0.0612244897959183,0.0816326530612244,0.0408163265306122,0.0612244897959183,0.1428571428571428,0.0408163265306122,0.0204081632653061,25,3.218875824868201,8,0.8660254037844387,-0.4999999999999998,0.1020408163265306,1774.424085648148,America,America,0.82545865,0.059024435,0.029599506,0.085917406
1555,4155,Entity 660,1.0,0.0476190476190476,0.0873015873015873,0.0317460317460317,0.0158730158730158,0.0079365079365079,0.0079365079365079,0.0079365079365079,0.0079365079365079,0.0158730158730158,0.0158730158730158,0.0396825396825396,0.0396825396825396,0.0317460317460317,0.0476190476190476,0.0476190476190476,0.0634920634920634,0.0396825396825396,0.0396825396825396,0.0158730158730158,0.0158730158730158,0.0476190476190476,0.0634920634920634,0.1587301587301587,0.1031746031746031,102,4.624972813284271,5,0.9659258262890684,0.2588190451025207,0.0476190476190476,1157.3860995370371,Euro_Africa,Euro_Africa,0.42384735,0.03006789,0.11398663,0.43209818
105,130,Entity 1098,5.5,0.0392156862745098,0.0196078431372549,0.0392156862745098,0.0392156862745098,0.0980392156862745,0.0980392156862745,0.0392156862745098,0.0980392156862745,0.0196078431372549,0.0588235294117647,0.0588235294117647,0.0196078431372549,0.0196078431372549,0.0196078431372549,0.0588235294117647,0.0588235294117647,0.0588235294117647,0.0196078431372549,0.0196078431372549,0.0196078431372549,0.0196078431372549,0.0392156862745098,0.0196078431372549,0.0196078431372549,27,3.295836866004329,19,-0.9659258262890684,0.2588190451025203,0.1176470588235294,112.18140046296296,Central_Asia,East_Asia_Pac,0.1181813,0.16523504,0.639101,0.07748263
1024,2686,Entity 3314,0.0,0.0392156862745098,0.0196078431372549,0.0196078431372549,0.0392156862745098,0.0196078431372549,0.0392156862745098,0.0196078431372549,0.0196078431372549,0.0588235294117647,0.0980392156862745,0.0588235294117647,0.0588235294117647,0.0392156862745098,0.0588235294117647,0.0196078431372549,0.0980392156862745,0.0392156862745098,0.0392156862745098,0.0392156862745098,0.0588235294117647,0.0392156862745098,0.0392156862745098,0.0196078431372549,0.0196078431372549,27,3.295836866004329,0,0.0,1.0,0.1176470588235294,1925.140914351852,Euro_Africa,Euro_Africa,0.16333087,0.22670649,0.10742158,0.50254107
1136,3455,Entity 407,1.0,0.0108695652173913,0.0108695652173913,0.0217391304347826,0.0217391304347826,0.0326086956521739,0.0543478260869565,0.0543478260869565,0.108695652173913,0.0760869565217391,0.0434782608695652,0.0543478260869565,0.0108695652173913,0.0326086956521739,0.0217391304347826,0.0217391304347826,0.0434782608695652,0.0326086956521739,0.0652173913043478,0.0326086956521739,0.0652173913043478,0.0217391304347826,0.0760869565217391,0.0543478260869565,0.0326086956521739,68,4.219507705176107,2,0.4999999999999999,0.8660254037844387,0.0978260869565217,2526.475532407408,Euro_Africa,Euro_Africa,0.20038138,0.17842638,0.16108781,0.46010447
1855,4558,Entity 915,7.0,0.034090909090909,0.1022727272727272,0.1136363636363636,0.1022727272727272,0.0795454545454545,0.034090909090909,0.0454545454545454,0.034090909090909,0.0795454545454545,0.0795454545454545,0.034090909090909,0.0113636363636363,0.034090909090909,0.0795454545454545,0.034090909090909,0.0113636363636363,0.0113636363636363,0.0113636363636363,0.0113636363636363,0.0113636363636363,0.0113636363636363,0.0113636363636363,0.0113636363636363,0.0113636363636363,64,4.158883083359672,17,-0.9659258262890684,-0.2588190451025206,0.0568181818181818,336.0809375,East_Asia_Pac,East_Asia_Pac,0.06311094,0.15314089,0.7429372,0.040810935
1721,4379,Entity 8046,-5.0,0.0526315789473684,0.0263157894736842,0.0263157894736842,0.0263157894736842,0.0131578947368421,0.0131578947368421,0.0131578947368421,0.0131578947368421,0.0131578947368421,0.0131578947368421,0.0131578947368421,0.0131578947368421,0.0394736842105263,0.0526315789473684,0.0657894736842105,0.0263157894736842,0.0526315789473684,0.0526315789473684,0.1447368421052631,0.0657894736842105,0.0263157894736842,0.1052631578947368,0.0394736842105263,0.0921052631578947,52,3.951243718581428,6,1.0,6.123233995736766e-17,0.0657894736842105,675.9343865740741,America,America,0.59321576,0.027299915,0.051163707,0.32832065
1802,4487,Entity 873,-5.0,0.0579710144927536,0.0434782608695652,0.0434782608695652,0.0434782608695652,0.0434782608695652,0.072463768115942,0.0434782608695652,0.0144927536231884,0.0144927536231884,0.0144927536231884,0.0144927536231884,0.0144927536231884,0.0144927536231884,0.0289855072463768,0.0144927536231884,0.0434782608695652,0.0869565217391304,0.0579710144927536,0.0869565217391304,0.1159420289855072,0.0434782608695652,0.0289855072463768,0.0144927536231884,0.0434782608695652,45,3.80666248977032,9,0.7071067811865476,-0.7071067811865475,0.072463768115942,933.3630787037036,America,America,0.85438913,0.033617303,0.054919425,0.057074156
939,2200,Entity 289,8.0,0.0046040515653775,0.0119705340699815,0.0138121546961325,0.0230202578268876,0.0386740331491712,0.0681399631675874,0.0469613259668508,0.0672191528545119,0.078268876611418,0.0561694290976058,0.078268876611418,0.0690607734806629,0.0635359116022099,0.0653775322283609,0.0681399631675874,0.0718232044198895,0.0690607734806629,0.0359116022099447,0.0285451197053407,0.0082872928176795,0.0101289134438305,0.007366482504604,0.0064456721915285,0.009208103130755,1062,6.967909201801884,22,-0.5000000000000004,0.8660254037844384,0.0377532228360957,808.5867824074074,East_Asia_Pac,Central_Asia,0.028607043,0.6763645,0.19672145,0.09830703
1817,4508,Entity 8829,-3.0,0.1176470588235294,0.0588235294117647,0.0588235294117647,0.0588235294117647,0.0441176470588235,0.0147058823529411,0.0294117647058823,0.0147058823529411,0.0147058823529411,0.0147058823529411,0.0294117647058823,0.0294117647058823,0.0147058823529411,0.0294117647058823,0.0588235294117647,0.1029411764705882,0.0588235294117647,0.0147058823529411,0.0441176470588235,0.0735294117647058,0.0441176470588235,0.0294117647058823,0.0147058823529411,0.0294117647058823,44,3.784189633918261,7,0.9659258262890684,-0.2588190451025206,0.088235294117647,1032.6005092592593,America,America,0.65881926,0.064748734,0.13051403,0.14591798
138,170,Entity 1130,5.5,0.0377358490566037,0.0188679245283018,0.0188679245283018,0.0188679245283018,0.0188679245283018,0.0377358490566037,0.0377358490566037,0.0377358490566037,0.0566037735849056,0.0377358490566037,0.0188679245283018,0.0377358490566037,0.0188679245283018,0.0754716981132075,0.0566037735849056,0.1320754716981132,0.0566037735849056,0.1132075471698113,0.0566037735849056,0.0188679245283018,0.0188679245283018,0.0188679245283018,0.0377358490566037,0.0188679245283018,29,3.367295829986474,21,-0.7071067811865477,0.7071067811865474,0.1132075471698113,391.9580902777778,Central_Asia,Central_Asia,0.15805097,0.36565354,0.25567254,0.22062297
1073,3056,Entity 368,1.0,0.0178571428571428,0.0178571428571428,0.0178571428571428,0.0535714285714285,0.0178571428571428,0.0178571428571428,0.0357142857142857,0.0357142857142857,0.0178571428571428,0.0892857142857142,0.0357142857142857,0.0357142857142857,0.0357142857142857,0.0357142857142857,0.0357142857142857,0.0535714285714285,0.0178571428571428,0.0357142857142857,0.0714285714285714,0.0714285714285714,0.0892857142857142,0.0714285714285714,0.0714285714285714,0.0178571428571428,32,3.4657359027997265,2,0.4999999999999999,0.8660254037844387,0.125,2140.9026157407407,Euro_Africa,Euro_Africa,0.11432086,0.1458639,0.07282297,0.66699225
583,788,Entity 1677,-8.0,0.0769230769230769,0.0256410256410256,0.0769230769230769,0.0769230769230769,0.0512820512820512,0.0256410256410256,0.0512820512820512,0.0512820512820512,0.0512820512820512,0.0256410256410256,0.0512820512820512,0.0256410256410256,0.0256410256410256,0.0256410256410256,0.0256410256410256,0.0256410256410256,0.0256410256410256,0.0512820512820512,0.0512820512820512,0.0256410256410256,0.0256410256410256,0.0512820512820512,0.0512820512820512,0.0256410256410256,15,2.70805020110221,13,-0.2588190451025208,-0.9659258262890684,0.1282051282051282,358.1585763888889,America,America,0.43998158,0.2241378,0.19883564,0.137045
1506,4095,Entity 619,3.0,0.0256410256410256,0.0256410256410256,0.0256410256410256,0.0256410256410256,0.0256410256410256,0.0256410256410256,0.0384615384615384,0.0128205128205128,0.0512820512820512,0.0641025641025641,0.0384615384615384,0.0384615384615384,0.1153846153846153,0.0512820512820512,0.0256410256410256,0.0384615384615384,0.0641025641025641,0.0384615384615384,0.0512820512820512,0.0384615384615384,0.0641025641025641,0.0384615384615384,0.0256410256410256,0.0512820512820512,54,3.9889840465642745,2,0.4999999999999999,0.8660254037844387,0.1282051282051282,2528.161574074074,Euro_Africa,Euro_Africa,0.11702831,0.07456217,0.055189982,0.75321954
1054,2897,Entity 352,5.5,0.0126582278481012,0.0189873417721519,0.0189873417721519,0.0379746835443038,0.0632911392405063,0.0379746835443038,0.0632911392405063,0.1075949367088607,0.0759493670886076,0.0632911392405063,0.0759493670886076,0.0569620253164556,0.050632911392405,0.050632911392405,0.0632911392405063,0.0379746835443038,0.0316455696202531,0.050632911392405,0.0253164556962025,0.0063291139240506,0.0063291139240506,0.0126582278481012,0.0253164556962025,0.0063291139240506,134,4.897839799950911,21,-0.7071067811865477,0.7071067811865474,0.0569620253164557,165.45947916666665,Central_Asia,Central_Asia,0.0329454,0.60114956,0.31836084,0.04754419
958,2310,Entity 2962,0.0,0.075,0.025,0.025,0.025,0.025,0.025,0.025,0.025,0.025,0.025,0.025,0.025,0.05,0.125,0.025,0.025,0.05,0.2,0.025,0.05,0.025,0.025,0.025,0.025,16,2.772588722239781,3,0.7071067811865475,0.7071067811865476,0.125,980.980023148148,Euro_Africa,Euro_Africa,0.13602105,0.29497206,0.20531054,0.3636963
1795,4473,Entity 865,-6.0,0.14,0.03,0.07,0.03,0.02,0.01,0.01,0.01,0.01,0.02,0.01,0.01,0.01,0.01,0.01,0.05,0.05,0.07,0.05,0.04,0.19,0.04,0.04,0.07,76,4.330733340286331,12,1.2246467991473532e-16,-1.0,0.05,1007.881712962963,America,America,0.8681307,0.019511897,0.021439081,0.09091827
1815,4506,Entity 8817,11.0,0.0461538461538461,0.0461538461538461,0.0615384615384615,0.0153846153846153,0.0153846153846153,0.1076923076923077,0.1076923076923077,0.0461538461538461,0.0307692307692307,0.0769230769230769,0.0153846153846153,0.0153846153846153,0.0153846153846153,0.0153846153846153,0.0153846153846153,0.0153846153846153,0.0153846153846153,0.0153846153846153,0.0153846153846153,0.1846153846153846,0.0153846153846153,0.0307692307692307,0.0461538461538461,0.0307692307692307,41,3.713572066704308,12,1.2246467991473532e-16,-1.0,0.0769230769230769,121.25421296296297,East_Asia_Pac,America,0.47470784,0.044845123,0.32229158,0.1581555
463,603,Entity 1515,-6.0,0.025,0.025,0.025,0.025,0.025,0.05,0.075,0.05,0.05,0.025,0.025,0.025,0.025,0.025,0.025,0.05,0.025,0.025,0.075,0.075,0.075,0.05,0.075,0.05,16,2.772588722239781,2,0.4999999999999999,0.8660254037844387,0.125,258.43546296296296,America,Euro_Africa,0.3634843,0.10635474,0.08617602,0.4439849
355,456,Entity 1387,-5.0,0.024390243902439,0.024390243902439,0.024390243902439,0.048780487804878,0.024390243902439,0.024390243902439,0.048780487804878,0.1219512195121951,0.1219512195121951,0.048780487804878,0.0975609756097561,0.048780487804878,0.024390243902439,0.024390243902439,0.048780487804878,0.024390243902439,0.024390243902439,0.048780487804878,0.024390243902439,0.024390243902439,0.024390243902439,0.024390243902439,0.024390243902439,0.024390243902439,17,2.833213344056216,20,-0.8660254037844386,0.5000000000000001,0.1219512195121951,1656.5828935185186,America,Central_Asia,0.05609085,0.65127134,0.17571625,0.11692159
1338,3857,Entity 4639,-5.0,0.0600858369098712,0.0429184549356223,0.055793991416309,0.0600858369098712,0.0686695278969957,0.0858369098712446,0.0600858369098712,0.0901287553648068,0.0772532188841201,0.0429184549356223,0.0085836909871244,0.0085836909871244,0.0085836909871244,0.0085836909871244,0.0042918454935622,0.0085836909871244,0.0214592274678111,0.0343347639484978,0.0515021459227467,0.0472103004291845,0.0343347639484978,0.0472103004291845,0.0257510729613733,0.0472103004291845,209,5.342334251964811,12,1.2246467991473532e-16,-1.0,0.03862660944206,1070.0761921296296,America,America,0.81208897,0.049288742,0.07393775,0.064684555
57,70,Entity 10486,7.0,0.0697674418604651,0.0232558139534883,0.0232558139534883,0.0465116279069767,0.0465116279069767,0.0232558139534883,0.0697674418604651,0.0232558139534883,0.0232558139534883,0.0232558139534883,0.1162790697674418,0.0465116279069767,0.0930232558139534,0.0465116279069767,0.0232558139534883,0.0465116279069767,0.0465116279069767,0.0465116279069767,0.0232558139534883,0.0232558139534883,0.0232558139534883,0.0232558139534883,0.0232558139534883,0.0465116279069767,19,2.9444389791664403,20,-0.8660254037844386,0.5000000000000001,0.1162790697674418,201.9999652777778,East_Asia_Pac,East_Asia_Pac,0.12912777,0.22904527,0.5178703,0.123956606
475,617,Entity 1529,8.0,0.024390243902439,0.024390243902439,0.024390243902439,0.024390243902439,0.024390243902439,0.073170731707317,0.048780487804878,0.073170731707317,0.048780487804878,0.048780487804878,0.024390243902439,0.048780487804878,0.024390243902439,0.048780487804878,0.048780487804878,0.024390243902439,0.0975609756097561,0.024390243902439,0.024390243902439,0.024390243902439,0.0975609756097561,0.024390243902439,0.048780487804878,0.024390243902439,17,2.833213344056216,2,0.4999999999999999,0.8660254037844387,0.1219512195121951,68.2272800925926,East_Asia_Pac,Central_Asia,0.11925645,0.4083179,0.23282994,0.23959573
806,1518,Entity 23359,-5.0,0.0708661417322834,0.0078740157480314,0.0393700787401574,0.0472440944881889,0.0866141732283464,0.0629921259842519,0.0708661417322834,0.0708661417322834,0.0551181102362204,0.0472440944881889,0.0236220472440944,0.0157480314960629,0.0236220472440944,0.0078740157480314,0.0393700787401574,0.0157480314960629,0.0314960629921259,0.0314960629921259,0.0472440944881889,0.0236220472440944,0.0472440944881889,0.0787401574803149,0.0236220472440944,0.0314960629921259,103,4.634728988229636,13,-0.2588190451025208,-0.9659258262890684,0.1023622047244094,607.3247222222222,America,America,0.37711623,0.23674178,0.16888632,0.21725568
496,646,Entity 1551,5.75,0.025,0.025,0.025,0.025,0.025,0.025,0.05,0.025,0.05,0.025,0.025,0.1,0.025,0.05,0.025,0.05,0.05,0.05,0.05,0.075,0.05,0.075,0.05,0.025,16,2.772588722239781,2,0.4999999999999999,0.8660254037844387,0.125,30.016608796296296,Central_Asia,Euro_Africa,0.18407835,0.17334902,0.089970216,0.55260235
740,1219,Entity 20614,7.0,0.0075757575757575,0.0227272727272727,0.053030303030303,0.053030303030303,0.0606060606060606,0.053030303030303,0.0454545454545454,0.0227272727272727,0.0227272727272727,0.0378787878787878,0.0606060606060606,0.053030303030303,0.0454545454545454,0.0454545454545454,0.0378787878787878,0.0757575757575757,0.0606060606060606,0.0681818181818181,0.0454545454545454,0.0151515151515151,0.0454545454545454,0.0227272727272727,0.0303030303030303,0.0151515151515151,108,4.68213122712422,23,-0.2588190451025215,0.965925826289068,0.0984848484848484,927.9445023148148,East_Asia_Pac,Central_Asia,0.08559322,0.65836793,0.17675474,0.079284094
164,201,Entity 1156,8.0,0.05,0.05,0.05,0.1,0.125,0.025,0.025,0.05,0.025,0.075,0.025,0.025,0.025,0.05,0.025,0.05,0.025,0.025,0.025,0.025,0.025,0.025,0.05,0.025,16,2.772588722239781,18,-1.0,-1.8369701987210294e-16,0.125,1244.7556712962962,East_Asia_Pac,East_Asia_Pac,0.40206367,0.1017782,0.42205924,0.07409887
699,1053,Entity 191,2.0,0.028169014084507,0.0704225352112676,0.2394366197183098,0.0704225352112676,0.0422535211267605,0.0140845070422535,0.0140845070422535,0.0140845070422535,0.0140845070422535,0.0140845070422535,0.0140845070422535,0.0140845070422535,0.056338028169014,0.028169014084507,0.028169014084507,0.056338028169014,0.028169014084507,0.028169014084507,0.0140845070422535,0.028169014084507,0.0704225352112676,0.0422535211267605,0.028169014084507,0.0422535211267605,47,3.8501476017100575,7,0.9659258262890684,-0.2588190451025206,0.0704225352112676,1674.7169907407408,Euro_Africa,America,0.829688,0.029165382,0.061285928,0.07986072
1834,4526,Entity 897,11.0,0.0476190476190476,0.0476190476190476,0.0238095238095238,0.0952380952380952,0.0238095238095238,0.1428571428571428,0.0238095238095238,0.0476190476190476,0.0476190476190476,0.0238095238095238,0.0476190476190476,0.0238095238095238,0.0238095238095238,0.0238095238095238,0.0238095238095238,0.0238095238095238,0.0238095238095238,0.0238095238095238,0.0238095238095238,0.0238095238095238,0.0238095238095238,0.0714285714285714,0.0238095238095238,0.0952380952380952,18,2.8903717578961645,13,-0.2588190451025208,-0.9659258262890684,0.119047619047619,345.8009837962963,East_Asia_Pac,East_Asia_Pac,0.30983785,0.07426448,0.3853957,0.23050195
1009,2571,Entity 3198,2.0,0.088235294117647,0.088235294117647,0.1176470588235294,0.0588235294117647,0.088235294117647,0.0441176470588235,0.0441176470588235,0.0147058823529411,0.0147058823529411,0.0147058823529411,0.0294117647058823,0.0147058823529411,0.0294117647058823,0.0147058823529411,0.0294117647058823,0.0441176470588235,0.0294117647058823,0.0294117647058823,0.0294117647058823,0.0588235294117647,0.0294117647058823,0.0441176470588235,0.0294117647058823,0.0147058823529411,44,3.784189633918261,9,0.7071067811865476,-0.7071067811865475,0.088235294117647,81.9893287037037,Euro_Africa,America,0.74426264,0.07403034,0.1331683,0.048538685
838,1661,Entity 24659,1.0,0.025,0.025,0.025,0.025,0.025,0.025,0.025,0.05,0.025,0.025,0.05,0.075,0.075,0.05,0.075,0.05,0.05,0.05,0.075,0.025,0.025,0.075,0.025,0.025,16,2.772588722239781,2,0.4999999999999999,0.8660254037844387,0.125,627.1767129629629,Euro_Africa,Euro_Africa,0.0647767,0.28470886,0.09046195,0.5600525
445,575,Entity 14900,7.0,0.03125,0.046875,0.046875,0.03125,0.078125,0.015625,0.015625,0.0625,0.0625,0.046875,0.03125,0.03125,0.078125,0.0625,0.03125,0.03125,0.03125,0.015625,0.015625,0.015625,0.03125,0.03125,0.078125,0.078125,40,3.688879454113936,17,-0.9659258262890684,-0.2588190451025206,0.109375,123.04094907407408,East_Asia_Pac,East_Asia_Pac,0.3207418,0.054260846,0.5154331,0.10956428
1082,3121,Entity 374,0.0,0.0629251700680272,0.0365646258503401,0.0850340136054421,0.0136054421768707,0.1292517006802721,0.0297619047619047,0.0136054421768707,0.0187074829931972,0.0051020408163265,0.016156462585034,0.0374149659863945,0.0365646258503401,0.0348639455782312,0.0408163265306122,0.0476190476190476,0.0612244897959183,0.0136054421768707,0.0620748299319727,0.0076530612244897,0.0909863945578231,0.0637755102040816,0.0374149659863945,0.0272108843537414,0.0280612244897959,1152,7.049254841255837,7,0.9659258262890684,-0.2588190451025206,0.0833333333333333,212.69965277777777,Euro_Africa,America,0.57981336,0.053969335,0.12910011,0.23711723
1437,3994,Entity 554,-5.0,0.0508474576271186,0.0254237288135593,0.0169491525423728,0.0338983050847457,0.0169491525423728,0.059322033898305,0.0423728813559322,0.0254237288135593,0.0338983050847457,0.0847457627118644,0.0677966101694915,0.0338983050847457,0.0254237288135593,0.0847457627118644,0.1440677966101695,0.0254237288135593,0.0254237288135593,0.0084745762711864,0.0677966101694915,0.0338983050847457,0.0423728813559322,0.0084745762711864,0.0254237288135593,0.0169491525423728,94,4.543294782270004,21,-0.7071067811865477,0.7071067811865474,0.1271186440677966,567.131875,America,Central_Asia,0.130686,0.40407556,0.14855897,0.31667945
1079,3111,Entity 373,-6.0,0.0353982300884955,0.0353982300884955,0.0442477876106194,0.0176991150442477,0.0442477876106194,0.0442477876106194,0.0088495575221238,0.0088495575221238,0.0088495575221238,0.0176991150442477,0.0176991150442477,0.0088495575221238,0.0176991150442477,0.0176991150442477,0.079646017699115,0.0353982300884955,0.0530973451327433,0.0884955752212389,0.0530973451327433,0.0973451327433628,0.0707964601769911,0.0707964601769911,0.0442477876106194,0.079646017699115,89,4.48863636973214,8,0.8660254037844387,-0.4999999999999998,0.0619469026548672,1883.006377314815,America,America,0.8790548,0.018635875,0.024088988,0.07822036
1737,4400,Entity 817,3.0,0.036144578313253,0.0120481927710843,0.0120481927710843,0.0120481927710843,0.0240963855421686,0.0120481927710843,0.036144578313253,0.0481927710843373,0.0602409638554216,0.0602409638554216,0.0843373493975903,0.036144578313253,0.0602409638554216,0.036144578313253,0.072289156626506,0.0481927710843373,0.0481927710843373,0.0602409638554216,0.0602409638554216,0.0481927710843373,0.0843373493975903,0.0120481927710843,0.0240963855421686,0.0120481927710843,59,4.07753744390572,3,0.7071067811865475,0.7071067811865476,0.072289156626506,1331.5074305555556,Euro_Africa,Euro_Africa,0.033780538,0.20034641,0.04917829,0.7166948
1639,4271,Entity 737,0.0,0.0576923076923076,0.0192307692307692,0.0096153846153846,0.0096153846153846,0.0096153846153846,0.0096153846153846,0.0096153846153846,0.0096153846153846,0.0096153846153846,0.0096153846153846,0.0096153846153846,0.0192307692307692,0.0288461538461538,0.048076923076923,0.048076923076923,0.0288461538461538,0.1057692307692307,0.0288461538461538,0.0576923076923076,0.0384615384615384,0.1923076923076923,0.0865384615384615,0.0769230769230769,0.0769230769230769,80,4.382026634673881,4,0.8660254037844386,0.5000000000000001,0.048076923076923,1018.2564467592592,Euro_Africa,Euro_Africa,0.42960316,0.018100895,0.019534664,0.5327613
1644,4278,Entity 7418,-5.0,0.0833333333333333,0.0714285714285714,0.0238095238095238,0.0714285714285714,0.0238095238095238,0.0238095238095238,0.0119047619047619,0.0357142857142857,0.0238095238095238,0.0357142857142857,0.0119047619047619,0.0357142857142857,0.0238095238095238,0.0595238095238095,0.0119047619047619,0.0119047619047619,0.0119047619047619,0.0476190476190476,0.0476190476190476,0.1071428571428571,0.0476190476190476,0.0476190476190476,0.0833333333333333,0.0476190476190476,60,4.0943445622221,6,1.0,6.123233995736766e-17,0.119047619047619,1518.8526851851852,America,America,0.5499539,0.036954354,0.05841838,0.35467336
1930,4672,Entity 99,0.0,0.0188679245283018,0.0113207547169811,0.0113207547169811,0.0150943396226415,0.0113207547169811,0.0113207547169811,0.0075471698113207,0.0226415094339622,0.0150943396226415,0.0188679245283018,0.0339622641509433,0.0264150943396226,0.0528301886792452,0.0792452830188679,0.1547169811320754,0.0452830188679245,0.0641509433962264,0.0566037735849056,0.0377358490566037,0.0754716981132075,0.0528301886792452,0.0566037735849056,0.090566037735849,0.030188679245283,241,5.484796933490655,4,0.8660254037844386,0.5000000000000001,0.0566037735849056,2012.9279282407408,Euro_Africa,Euro_Africa,0.14720625,0.038183253,0.029348357,0.78526217
189,229,Entity 1184,2.0,0.0188679245283018,0.0188679245283018,0.0188679245283018,0.0188679245283018,0.0566037735849056,0.0188679245283018,0.0188679245283018,0.0566037735849056,0.0566037735849056,0.1320754716981132,0.0566037735849056,0.0377358490566037,0.0188679245283018,0.0566037735849056,0.0188679245283018,0.0377358490566037,0.0188679245283018,0.0377358490566037,0.0566037735849056,0.0754716981132075,0.0566037735849056,0.0377358490566037,0.0377358490566037,0.0377358490566037,29,3.367295829986474,1,0.2588190451025207,0.9659258262890684,0.1132075471698113,210.29296296296295,Euro_Africa,Euro_Africa,0.1931594,0.13231246,0.115157776,0.5593704
538,713,Entity 1610,2.0,0.025,0.025,0.025,0.025,0.025,0.025,0.025,0.05,0.025,0.025,0.05,0.05,0.05,0.075,0.075,0.075,0.075,0.05,0.05,0.05,0.05,0.025,0.025,0.025,16,2.772588722239781,2,0.4999999999999999,0.8660254037844387,0.125,184.16811342592592,Euro_Africa,Central_Asia,0.06526868,0.43524647,0.11822676,0.38125807
1879,4593,Entity 937,2.0,0.078125,0.015625,0.015625,0.015625,0.015625,0.015625,0.0625,0.046875,0.03125,0.046875,0.015625,0.078125,0.046875,0.078125,0.046875,0.046875,0.0625,0.015625,0.03125,0.03125,0.0625,0.03125,0.078125,0.03125,40,3.688879454113936,3,0.7071067811865475,0.7071067811865476,0.078125,216.4578125,Euro_Africa,Euro_Africa,0.11189593,0.06525876,0.08948791,0.7333574
1768,4437,Entity 84,5.5,0.0181268882175226,0.0181268882175226,0.0574018126888217,0.0725075528700906,0.1148036253776435,0.0755287009063444,0.0604229607250755,0.0422960725075528,0.0574018126888217,0.0574018126888217,0.0422960725075528,0.0845921450151057,0.0302114803625377,0.0332326283987915,0.0241691842900302,0.0422960725075528,0.0241691842900302,0.0513595166163142,0.0453172205438066,0.0151057401812688,0.0151057401812688,0.0030211480362537,0.0060422960725075,0.0090634441087613,307,5.726847747587197,21,-0.7071067811865477,0.7071067811865474,0.0483383685800604,1948.692962962963,Central_Asia,Central_Asia,0.036675744,0.7166709,0.21074106,0.035912365
836,1651,Entity 2456,-5.0,0.0519911504424778,0.0685840707964601,0.0674778761061946,0.0519911504424778,0.036504424778761,0.0376106194690265,0.0398230088495575,0.0176991150442477,0.0176991150442477,0.0221238938053097,0.038716814159292,0.038716814159292,0.0619469026548672,0.0542035398230088,0.0530973451327433,0.0398230088495575,0.0464601769911504,0.0431415929203539,0.036504424778761,0.03429203539823,0.0320796460176991,0.0298672566371681,0.0376106194690265,0.0420353982300885,880,6.779921907472252,7,0.9659258262890684,-0.2588190451025206,0.1349557522123893,2779.288136574074,America,America,0.5033746,0.06644378,0.26413703,0.16604464
218,263,Entity 1215,5.5,0.0555555555555555,0.037037037037037,0.037037037037037,0.0185185185185185,0.0185185185185185,0.0185185185185185,0.037037037037037,0.0185185185185185,0.0185185185185185,0.074074074074074,0.037037037037037,0.037037037037037,0.0925925925925925,0.0555555555555555,0.0555555555555555,0.037037037037037,0.0555555555555555,0.0925925925925925,0.0185185185185185,0.1111111111111111,0.0185185185185185,0.0185185185185185,0.0185185185185185,0.0185185185185185,30,3.4011973816621555,5,0.9659258262890684,0.2588190451025207,0.1111111111111111,43.46377314814815,Central_Asia,East_Asia_Pac,0.07771143,0.18709505,0.52829754,0.20689595
1729,4390,Entity 810,-10.0,0.025,0.0875,0.075,0.125,0.0125,0.1125,0.025,0.1,0.025,0.025,0.025,0.0125,0.0125,0.0125,0.0125,0.0125,0.0125,0.0125,0.05,0.0375,0.05,0.025,0.0375,0.075,56,4.02535169073515,13,-0.2588190451025208,-0.9659258262890684,0.0625,331.2173032407408,East_Asia_Pac,America,0.72057736,0.081717454,0.099722765,0.09798237
1631,4259,Entity 73,-8.0,0.0246913580246913,0.037037037037037,0.0864197530864197,0.1234567901234567,0.0617283950617283,0.0246913580246913,0.037037037037037,0.0493827160493827,0.0246913580246913,0.037037037037037,0.0493827160493827,0.0617283950617283,0.0123456790123456,0.037037037037037,0.0246913580246913,0.0246913580246913,0.0123456790123456,0.0246913580246913,0.0123456790123456,0.0493827160493827,0.0246913580246913,0.0246913580246913,0.0123456790123456,0.1234567901234567,57,4.04305126783455,16,-0.8660254037844384,-0.5000000000000004,0.0987654320987654,657.7779050925926,America,East_Asia_Pac,0.17962378,0.16394526,0.57054704,0.08588397
1014,2612,Entity 324,-3.0,0.0199004975124378,0.0199004975124378,0.0149253731343283,0.0149253731343283,0.0099502487562189,0.0149253731343283,0.0248756218905472,0.0597014925373134,0.0398009950248756,0.0696517412935323,0.0298507462686567,0.0497512437810945,0.0547263681592039,0.044776119402985,0.0199004975124378,0.0248756218905472,0.0796019900497512,0.0298507462686567,0.0298507462686567,0.0547263681592039,0.0696517412935323,0.0895522388059701,0.0746268656716417,0.0597014925373134,177,5.176149732573829,3,0.7071067811865475,0.7071067811865476,0.0746268656716417,1533.3856134259258,America,Euro_Africa,0.055341747,0.04142016,0.034205027,0.86903304
1579,4188,Entity 682,0.0,0.0181818181818181,0.0181818181818181,0.0181818181818181,0.0181818181818181,0.0181818181818181,0.0181818181818181,0.0181818181818181,0.0545454545454545,0.1272727272727272,0.0909090909090909,0.0545454545454545,0.1272727272727272,0.0545454545454545,0.0181818181818181,0.0363636363636363,0.0363636363636363,0.0545454545454545,0.0363636363636363,0.0545454545454545,0.0545454545454545,0.0181818181818181,0.0181818181818181,0.0181818181818181,0.0181818181818181,31,3.4339872044851463,2,0.4999999999999999,0.8660254037844387,0.0909090909090909,141.13413194444445,Euro_Africa,Central_Asia,0.037561618,0.47467482,0.16893937,0.31882423
1546,4144,Entity 651,1.0,0.0094339622641509,0.0283018867924528,0.0094339622641509,0.0094339622641509,0.0188679245283018,0.0188679245283018,0.0094339622641509,0.0094339622641509,0.0188679245283018,0.0283018867924528,0.0283018867924528,0.0754716981132075,0.0566037735849056,0.0943396226415094,0.0566037735849056,0.0660377358490566,0.0188679245283018,0.0566037735849056,0.0471698113207547,0.0660377358490566,0.0943396226415094,0.0849056603773584,0.0471698113207547,0.0471698113207547,82,4.406719247264253,4,0.8660254037844386,0.5000000000000001,0.0660377358490566,577.2149189814814,Euro_Africa,Euro_Africa,0.057340804,0.027060524,0.027339889,0.88825876
1447,4010,Entity 564,5.5,0.0114942528735632,0.0114942528735632,0.0114942528735632,0.0459770114942528,0.0459770114942528,0.057471264367816,0.057471264367816,0.0114942528735632,0.0114942528735632,0.0229885057471264,0.0344827586206896,0.0114942528735632,0.0689655172413793,0.0459770114942528,0.1034482758620689,0.0919540229885057,0.0919540229885057,0.1494252873563218,0.0344827586206896,0.0229885057471264,0.0114942528735632,0.0229885057471264,0.0114942528735632,0.0114942528735632,63,4.143134726391533,0,0.0,1.0,0.057471264367816,400.4608912037037,Central_Asia,Central_Asia,0.078655936,0.7259751,0.1351532,0.06021579
90,110,Entity 1083,5.0,0.0408163265306122,0.0204081632653061,0.0612244897959183,0.0408163265306122,0.0408163265306122,0.0612244897959183,0.0204081632653061,0.0816326530612244,0.0204081632653061,0.0408163265306122,0.0204081632653061,0.0204081632653061,0.0612244897959183,0.0204081632653061,0.0408163265306122,0.0408163265306122,0.0816326530612244,0.0408163265306122,0.1224489795918367,0.0204081632653061,0.0408163265306122,0.0204081632653061,0.0204081632653061,0.0204081632653061,25,3.218875824868201,23,-0.2588190451025215,0.965925826289068,0.1224489795918367,658.0058449074074,Central_Asia,Central_Asia,0.12911351,0.5188645,0.21918754,0.13283446
1099,3202,Entity 382,5.5,0.0142857142857142,0.0142857142857142,0.0428571428571428,0.1285714285714285,0.0285714285714285,0.0571428571428571,0.0142857142857142,0.0428571428571428,0.0571428571428571,0.0142857142857142,0.0428571428571428,0.0428571428571428,0.0428571428571428,0.0285714285714285,0.0428571428571428,0.0142857142857142,0.0142857142857142,0.2428571428571428,0.0285714285714285,0.0285714285714285,0.0142857142857142,0.0142857142857142,0.0142857142857142,0.0142857142857142,46,3.828641396489095,22,-0.5000000000000004,0.8660254037844384,0.0714285714285714,501.1282638888889,Central_Asia,Central_Asia,0.07714696,0.7005439,0.15936282,0.062946334
1675,4321,Entity 7709,11.0,0.0208333333333333,0.0208333333333333,0.0416666666666666,0.0625,0.0416666666666666,0.0416666666666666,0.0416666666666666,0.0416666666666666,0.0625,0.0625,0.0208333333333333,0.0208333333333333,0.0416666666666666,0.0416666666666666,0.0416666666666666,0.0208333333333333,0.0208333333333333,0.0833333333333333,0.1041666666666666,0.0416666666666666,0.0208333333333333,0.0208333333333333,0.0208333333333333,0.0625,24,3.1780538303479458,22,-0.5000000000000004,0.8660254037844384,0.1458333333333333,138.48591435185185,East_Asia_Pac,Central_Asia,0.13523015,0.40232986,0.3654695,0.09697052
676,992,Entity 1856,11.0,0.0256410256410256,0.0256410256410256,0.0512820512820512,0.0256410256410256,0.0256410256410256,0.0512820512820512,0.0512820512820512,0.0256410256410256,0.0256410256410256,0.0256410256410256,0.2051282051282051,0.0256410256410256,0.0256410256410256,0.0256410256410256,0.1282051282051282,0.0512820512820512,0.0256410256410256,0.0256410256410256,0.0256410256410256,0.0256410256410256,0.0256410256410256,0.0256410256410256,0.0256410256410256,0.0256410256410256,15,2.70805020110221,18,-1.0,-1.8369701987210294e-16,0.1282051282051282,38.865266203703705,East_Asia_Pac,East_Asia_Pac,0.12724191,0.29768422,0.48051402,0.09455988
1269,3719,Entity 4402,2.0,0.0140845070422535,0.0140845070422535,0.0422535211267605,0.0140845070422535,0.0140845070422535,0.0140845070422535,0.028169014084507,0.1690140845070422,0.1267605633802817,0.056338028169014,0.1549295774647887,0.056338028169014,0.0422535211267605,0.0422535211267605,0.0140845070422535,0.0140845070422535,0.028169014084507,0.0140845070422535,0.0140845070422535,0.0422535211267605,0.028169014084507,0.0140845070422535,0.0140845070422535,0.028169014084507,47,3.8501476017100575,16,-0.8660254037844384,-0.5000000000000004,0.0845070422535211,640.6940625,Euro_Africa,Euro_Africa,0.06087604,0.21903399,0.33084106,0.38924897
1938,4685,Entity 997,1.0,0.0111111111111111,0.0888888888888888,0.0111111111111111,0.0555555555555555,0.0111111111111111,0.0111111111111111,0.1555555555555555,0.0222222222222222,0.0333333333333333,0.0111111111111111,0.0111111111111111,0.0111111111111111,0.0111111111111111,0.0111111111111111,0.0222222222222222,0.0444444444444444,0.0333333333333333,0.1333333333333333,0.0444444444444444,0.0222222222222222,0.0111111111111111,0.0222222222222222,0.1666666666666666,0.0444444444444444,66,4.189654742026425,11,0.258819045102521,-0.9659258262890682,0.0555555555555555,1949.7554050925928,Euro_Africa,America,0.5777894,0.10500491,0.14476372,0.17244194
1400,3937,Entity 514,-8.0,0.0153846153846153,0.0153846153846153,0.0153846153846153,0.0153846153846153,0.0153846153846153,0.0153846153846153,0.0615384615384615,0.0769230769230769,0.0615384615384615,0.0769230769230769,0.0615384615384615,0.1384615384615384,0.0615384615384615,0.0461538461538461,0.0615384615384615,0.0307692307692307,0.0307692307692307,0.0153846153846153,0.0307692307692307,0.0153846153846153,0.0153846153846153,0.0615384615384615,0.0153846153846153,0.0461538461538461,41,3.713572066704308,2,0.4999999999999999,0.8660254037844387,0.0769230769230769,963.9076851851852,America,Euro_Africa,0.046340846,0.113552086,0.19072852,0.64937854
1238,3639,Entity 4325,3.0,0.0535714285714285,0.0357142857142857,0.0357142857142857,0.0178571428571428,0.0178571428571428,0.0178571428571428,0.0178571428571428,0.0892857142857142,0.0892857142857142,0.0535714285714285,0.0535714285714285,0.0178571428571428,0.0535714285714285,0.0535714285714285,0.0892857142857142,0.0892857142857142,0.0178571428571428,0.0178571428571428,0.0178571428571428,0.0357142857142857,0.0357142857142857,0.0178571428571428,0.0357142857142857,0.0357142857142857,32,3.4657359027997265,4,0.8660254037844386,0.5000000000000001,0.1071428571428571,840.2399652777777,Euro_Africa,Euro_Africa,0.1491944,0.07990405,0.27794752,0.492954
1582,4191,Entity 686,5.5,0.0571428571428571,0.1285714285714285,0.0571428571428571,0.0142857142857142,0.0285714285714285,0.1,0.0714285714285714,0.0428571428571428,0.0142857142857142,0.0142857142857142,0.0428571428571428,0.1,0.0571428571428571,0.0285714285714285,0.0714285714285714,0.0142857142857142,0.0428571428571428,0.0142857142857142,0.0285714285714285,0.0142857142857142,0.0142857142857142,0.0142857142857142,0.0142857142857142,0.0142857142857142,46,3.828641396489095,21,-0.7071067811865477,0.7071067811865474,0.0714285714285714,131.79332175925927,Central_Asia,East_Asia_Pac,0.13260812,0.16401786,0.6069182,0.096455805
446,578,Entity 1493,-6.0,0.0179372197309417,0.0044843049327354,0.0224215246636771,0.0134529147982062,0.0358744394618834,0.0538116591928251,0.0358744394618834,0.0582959641255605,0.0224215246636771,0.0762331838565022,0.0717488789237668,0.0224215246636771,0.0269058295964125,0.0672645739910313,0.0582959641255605,0.0672645739910313,0.0448430493273542,0.0269058295964125,0.0448430493273542,0.0717488789237668,0.0448430493273542,0.0807174887892376,0.0089686098654708,0.0224215246636771,199,5.293304824724492,0,0.0,1.0,0.0762331838565022,936.5400462962964,America,Euro_Africa,0.078695975,0.29175046,0.07480189,0.5547517
1923,4661,Entity 983,3.0,0.0357142857142857,0.0178571428571428,0.0357142857142857,0.0178571428571428,0.0178571428571428,0.0535714285714285,0.0892857142857142,0.0535714285714285,0.0357142857142857,0.0714285714285714,0.0357142857142857,0.0892857142857142,0.0357142857142857,0.0178571428571428,0.0178571428571428,0.0178571428571428,0.0535714285714285,0.0714285714285714,0.0535714285714285,0.0178571428571428,0.0535714285714285,0.0535714285714285,0.0357142857142857,0.0178571428571428,32,3.4657359027997265,2,0.4999999999999999,0.8660254037844387,0.125,95.40721064814817,Euro_Africa,Euro_Africa,0.16920501,0.30094,0.19890565,0.33094937
148,180,Entity 1139,1.0,0.0638297872340425,0.0851063829787234,0.0212765957446808,0.0638297872340425,0.0638297872340425,0.0425531914893617,0.0212765957446808,0.0425531914893617,0.0425531914893617,0.0212765957446808,0.0425531914893617,0.0212765957446808,0.0212765957446808,0.0212765957446808,0.0212765957446808,0.0638297872340425,0.0638297872340425,0.0425531914893617,0.0425531914893617,0.0212765957446808,0.0425531914893617,0.0851063829787234,0.0212765957446808,0.0212765957446808,23,3.1354942159291497,11,0.258819045102521,-0.9659258262890682,0.1276595744680851,1033.8698958333334,Euro_Africa,America,0.5201839,0.16110414,0.11433476,0.20437716
576,778,Entity 1667,2.0,0.0307692307692307,0.0153846153846153,0.0153846153846153,0.0153846153846153,0.0153846153846153,0.0307692307692307,0.0307692307692307,0.0307692307692307,0.0615384615384615,0.0307692307692307,0.0615384615384615,0.0307692307692307,0.0769230769230769,0.0615384615384615,0.0461538461538461,0.0307692307692307,0.0307692307692307,0.0307692307692307,0.0615384615384615,0.0461538461538461,0.0769230769230769,0.0461538461538461,0.0769230769230769,0.0461538461538461,41,3.713572066704308,2,0.4999999999999999,0.8660254037844387,0.0923076923076923,2433.9972569444444,Euro_Africa,Euro_Africa,0.08604896,0.034140922,0.036033876,0.8437762
42,53,Entity 1036,5.5,0.0416666666666666,0.0208333333333333,0.0208333333333333,0.0833333333333333,0.0416666666666666,0.0833333333333333,0.0416666666666666,0.0208333333333333,0.0625,0.0416666666666666,0.0208333333333333,0.0416666666666666,0.0416666666666666,0.0416666666666666,0.0625,0.0416666666666666,0.0416666666666666,0.0833333333333333,0.0625,0.0208333333333333,0.0208333333333333,0.0208333333333333,0.0208333333333333,0.0208333333333333,24,3.1780538303479458,21,-0.7071067811865477,0.7071067811865474,0.1041666666666666,139.40331018518518,Central_Asia,Central_Asia,0.07523653,0.49752122,0.33532265,0.09191958
1891,4612,Entity 951,5.5,0.0169491525423728,0.0169491525423728,0.0169491525423728,0.0338983050847457,0.0169491525423728,0.0508474576271186,0.0169491525423728,0.0677966101694915,0.0677966101694915,0.0338983050847457,0.0508474576271186,0.0338983050847457,0.1525423728813559,0.0677966101694915,0.0169491525423728,0.0847457627118644,0.0847457627118644,0.0338983050847457,0.0338983050847457,0.0169491525423728,0.0169491525423728,0.0338983050847457,0.0169491525423728,0.0169491525423728,35,3.555348061489413,0,0.0,1.0,0.0847457627118644,744.260636574074,Central_Asia,Central_Asia,0.07684627,0.3818233,0.20206212,0.33926836
1695,4348,Entity 784,5.0,0.0273972602739726,0.0547945205479452,0.0410958904109589,0.0821917808219178,0.0273972602739726,0.0684931506849315,0.0684931506849315,0.0410958904109589,0.0273972602739726,0.0547945205479452,0.0410958904109589,0.0410958904109589,0.0684931506849315,0.0273972602739726,0.0410958904109589,0.0547945205479452,0.0410958904109589,0.0684931506849315,0.0136986301369863,0.0410958904109589,0.0136986301369863,0.0136986301369863,0.0273972602739726,0.0136986301369863,49,3.8918202981106265,22,-0.5000000000000004,0.8660254037844384,0.0958904109589041,2587.515046296296,Central_Asia,East_Asia_Pac,0.11048008,0.34817865,0.43201438,0.109326944
464,604,Entity 1516,-5.0,0.0222222222222222,0.0222222222222222,0.0666666666666666,0.0222222222222222,0.0444444444444444,0.0444444444444444,0.0666666666666666,0.0222222222222222,0.0222222222222222,0.0444444444444444,0.0888888888888888,0.0444444444444444,0.0888888888888888,0.0222222222222222,0.0222222222222222,0.0444444444444444,0.0222222222222222,0.0222222222222222,0.0444444444444444,0.0222222222222222,0.0222222222222222,0.0666666666666666,0.0444444444444444,0.0666666666666666,21,3.044522437723423,15,-0.7071067811865471,-0.7071067811865479,0.1333333333333333,579.4720717592593,America,East_Asia_Pac,0.24690497,0.23893954,0.2912383,0.22291718
773,1373,Entity 2205,3.0,0.025,0.025,0.025,0.025,0.025,0.05,0.025,0.025,0.075,0.025,0.025,0.05,0.075,0.05,0.075,0.05,0.05,0.05,0.05,0.05,0.025,0.075,0.025,0.025,16,2.772588722239781,2,0.4999999999999999,0.8660254037844387,0.125,3239.1140046296296,Euro_Africa,Euro_Africa,0.11736756,0.32413676,0.11901979,0.43947586
129,159,Entity 1121,5.5,0.0204081632653061,0.0204081632653061,0.0204081632653061,0.1020408163265306,0.0204081632653061,0.0816326530612244,0.2244897959183673,0.0408163265306122,0.0612244897959183,0.0408163265306122,0.0612244897959183,0.0204081632653061,0.0204081632653061,0.0204081632653061,0.0204081632653061,0.0204081632653061,0.0204081632653061,0.0408163265306122,0.0204081632653061,0.0408163265306122,0.0204081632653061,0.0204081632653061,0.0204081632653061,0.0204081632653061,25,3.218875824868201,13,-0.2588190451025208,-0.9659258262890684,0.1020408163265306,135.4431712962963,Central_Asia,Central_Asia,0.056220435,0.6099523,0.2698662,0.06396104
830,1640,Entity 245,5.5,0.0172413793103448,0.0172413793103448,0.0086206896551724,0.0258620689655172,0.0172413793103448,0.0517241379310344,0.0086206896551724,0.0258620689655172,0.0258620689655172,0.0603448275862069,0.0344827586206896,0.0517241379310344,0.0517241379310344,0.043103448275862,0.0862068965517241,0.1379310344827586,0.1379310344827586,0.0862068965517241,0.043103448275862,0.0086206896551724,0.0086206896551724,0.0086206896551724,0.0258620689655172,0.0172413793103448,92,4.5217885770490405,21,-0.7071067811865477,0.7071067811865474,0.0689655172413792,413.06813657407406,Central_Asia,Central_Asia,0.05169422,0.52975184,0.22393973,0.1946142
1851,4551,Entity 91,5.5,0.0167464114832535,0.0287081339712918,0.0143540669856459,0.055023923444976,0.0358851674641148,0.0334928229665071,0.0526315789473684,0.0406698564593301,0.0382775119617224,0.0430622009569378,0.0406698564593301,0.0789473684210526,0.0669856459330143,0.0526315789473684,0.0430622009569378,0.0454545454545454,0.062200956937799,0.069377990430622,0.0980861244019138,0.0502392344497607,0.0191387559808612,0.0023923444976076,0.0095693779904306,0.0023923444976076,394,5.976350909297934,22,-0.5000000000000004,0.8660254037844384,0.0502392344497607,2538.722337962963,Central_Asia,Central_Asia,0.041613627,0.7102206,0.13769776,0.110468
762,1319,Entity 21520,7.0,0.0425531914893617,0.0425531914893617,0.0425531914893617,0.0425531914893617,0.0425531914893617,0.0212765957446808,0.0212765957446808,0.0212765957446808,0.0425531914893617,0.0212765957446808,0.0212765957446808,0.0638297872340425,0.0212765957446808,0.0212765957446808,0.0425531914893617,0.0425531914893617,0.0851063829787234,0.0638297872340425,0.0425531914893617,0.0638297872340425,0.0212765957446808,0.0851063829787234,0.0425531914893617,0.0425531914893617,23,3.1354942159291497,7,0.9659258262890684,-0.2588190451025206,0.1276595744680851,111.42815972222222,East_Asia_Pac,America,0.51280147,0.074070126,0.22336698,0.18976143
